ROI,X_position,Y_position,gene,gene_value,type,full_gene_name
D5761.(3).|.043.|.Full.ROI,5899,21442,Cryab,-1.13140504505463,Cortical layer I,Cryab
D5761.(3).|.043.|.Full.ROI,5899,21442,Pde4a,-1.62737559109125,Cortical layer I,Pde4a
D5761.(3).|.043.|.Full.ROI,5899,21442,Cyb5a,-1.7421748339862,Cortical layer I,Cyb5a
D5761.(3).|.043.|.Full.ROI,5899,21442,Mllt11,-0.523922691459985,Cortical layer I,Mllt11
D5761.(3).|.043.|.Full.ROI,5899,21442,Dkk3,-0.335296326443732,Cortical layer I,Dkk3
D5761.(3).|.043.|.Full.ROI,5899,21442,Ighm,-0.204788814887451,Cortical layer I,Ighm
D5761.(3).|.043.|.Full.ROI,5899,21442,Dnajc16,-1.91880323911508,Cortical layer I,Dnajc16
D5761.(3).|.043.|.Full.ROI,5899,21442,Tppp,-2.1193763034058,Cortical layer I,Tppp
D5761.(3).|.043.|.Full.ROI,5899,21442,Gopc,-2.13434222609969,Cortical layer I,Gopc
D5761.(3).|.043.|.Full.ROI,5899,21442,Cltc,-2.24173684315087,Cortical layer I,Cltc
D5761.(3).|.043.|.Full.ROI,5899,21442,Pfn2,-2.15601796460479,Cortical layer I,Pfn2
D5761.(3).|.043.|.Full.ROI,5899,21442,Ap3s1,-2.10758264295196,Cortical layer I,Ap3s1
D5761.(3).|.043.|.Full.ROI,5899,21442,Pcmt1,-2.22902151102265,Cortical layer I,Pcmt1
D5761.(3).|.043.|.Full.ROI,5899,21442,Rab12,-2.19177589834474,Cortical layer I,Rab12
D5761.(3).|.043.|.Full.ROI,5899,21442,Gucy1b1,-1.82872312354137,Cortical layer I,Gucy1b1
D5761.(3).|.043.|.Full.ROI,5899,21442,Exd2,-2.19841972542431,Cortical layer I,Exd2
D5761.(3).|.043.|.Full.ROI,5899,21442,Slc12a5,-1.4977209600008,Cortical layer I,Slc12a5
D5761.(3).|.043.|.Full.ROI,5899,21442,Calm1,-1.91900144434778,Cortical layer I,Calm1
D5761.(3).|.043.|.Full.ROI,5899,21442,Gpr158,-1.37850164044578,Cortical layer I,Gpr158
D5761.(3).|.043.|.Full.ROI,5899,21442,Kcnip2,-1.22700385043346,Cortical layer I,Kcnip2
D5761.(3).|.043.|.Full.ROI,5899,21442,Tacc1,-1.83200659742688,Cortical layer I,Tacc1
D5761.(3).|.043.|.Full.ROI,5899,21442,Them6,-2.02013199464394,Cortical layer I,Them6
D5761.(3).|.043.|.Full.ROI,5899,21442,Rtn4,-1.94479996990983,Cortical layer I,Rtn4
D5761.(3).|.043.|.Full.ROI,5899,21442,Arhgef25,-2.09405546389953,Cortical layer I,Arhgef25
D5761.(3).|.043.|.Full.ROI,5899,21442,Stxbp5l,-1.28841394115903,Cortical layer I,Stxbp5l
D5761.(3).|.043.|.Full.ROI,5899,21442,Tbr1,-1.64411986803375,Cortical layer I,Tbr1
D5761.(3).|.043.|.Full.ROI,5899,21442,Ppp1r1b,-1.22309756183686,Cortical layer I,Ppp1r1b
D5761.(3).|.043.|.Full.ROI,5899,21442,Nptx1,-1.16696157681978,Cortical layer I,Nptx1
D5761.(3).|.043.|.Full.ROI,5899,21442,Tsnax,-0.704320735226312,Cortical layer I,Tsnax
D5761.(3).|.043.|.Full.ROI,5899,21442,Dock4,0.365865874982609,Cortical layer I,Dock4
D5761.(3).|.043.|.Full.ROI,5899,21442,Sipa1l1,0.983263974072063,Cortical layer I,Sipa1l1
D5761.(3).|.043.|.Full.ROI,5899,21442,Kcnh4,0.281642031359075,Cortical layer I,Kcnh4
D5761.(3).|.043.|.Full.ROI,5899,21442,Kcnh5,-0.840839046142772,Cortical layer I,Kcnh5
D5761.(3).|.043.|.Full.ROI,5899,21442,Myo16,0.404153958287872,Cortical layer I,Myo16
D5761.(3).|.043.|.Full.ROI,5899,21442,Cux1,-0.409259343030874,Cortical layer I,Cux1
D5761.(3).|.043.|.Full.ROI,5899,21442,Cux2,0.142053892290312,Cortical layer I,Cux2
D5761.(3).|.043.|.Full.ROI,5899,21442,Ptn,-0.162875001159618,Cortical layer I,Ptn
D5761.(3).|.043.|.Full.ROI,5899,21442,Plxnd1,-0.197615582008604,Cortical layer I,Plxnd1
D5761.(3).|.043.|.Full.ROI,5899,21442,Nectin1,0.120251967676228,Cortical layer I,Nectin1
D5761.(3).|.043.|.Full.ROI,5899,21442,Rilpl1,-0.829933536070064,Cortical layer I,Rilpl1
D5761.(3).|.043.|.Full.ROI,5899,21442,Npbwr1,-2.09016164360895,Cortical layer I,Npbwr1
D5761.(3).|.043.|.Full.ROI,5899,21442,Tmem200a,-1.17901596820485,Cortical layer I,Tmem200a
D5761.(3).|.043.|.Full.ROI,5899,21442,Ndrg2,1.951765499727,Cortical layer I,Ndrg2
D5761.(3).|.043.|.Full.ROI,5899,21442,Ivd,2.55599450830844,Cortical layer I,Ivd
D5761.(3).|.043.|.Full.ROI,5899,21442,Lypd5,-0.689091278399127,Cortical layer I,Lypd5
D5761.(3).|.043.|.Full.ROI,5899,21442,Cgnl1,2.14661709734813,Cortical layer I,Cgnl1
D5761.(3).|.043.|.Full.ROI,5899,21442,Gng7,2.04299736804747,Cortical layer I,Gng7
D5761.(3).|.043.|.Full.ROI,5899,21442,Lrsam1,0.0932570549541333,Cortical layer I,Lrsam1
D5761.(3).|.043.|.Full.ROI,5899,21442,Etv1,-0.473345434145117,Cortical layer I,Etv1
D5761.(3).|.043.|.Full.ROI,5899,21442,Fezf2,-0.941849496868157,Cortical layer I,Fezf2
D5761.(3).|.053.|.Full.ROI,8852,23021,Cryab,0.726784675647022,Cortical layer I,Cryab
D5761.(3).|.053.|.Full.ROI,8852,23021,Pde4a,-0.931095914206556,Cortical layer I,Pde4a
D5761.(3).|.053.|.Full.ROI,8852,23021,Cyb5a,-0.245355022094569,Cortical layer I,Cyb5a
D5761.(3).|.053.|.Full.ROI,8852,23021,Mllt11,-2.25869591311901,Cortical layer I,Mllt11
D5761.(3).|.053.|.Full.ROI,8852,23021,Dkk3,-0.909113952198445,Cortical layer I,Dkk3
D5761.(3).|.053.|.Full.ROI,8852,23021,Ighm,-0.752697076856568,Cortical layer I,Ighm
D5761.(3).|.053.|.Full.ROI,8852,23021,Dnajc16,-1.91880323911509,Cortical layer I,Dnajc16
D5761.(3).|.053.|.Full.ROI,8852,23021,Tppp,-2.13751107089147,Cortical layer I,Tppp
D5761.(3).|.053.|.Full.ROI,8852,23021,Gopc,-2.13434222609969,Cortical layer I,Gopc
D5761.(3).|.053.|.Full.ROI,8852,23021,Cltc,-2.24173684315087,Cortical layer I,Cltc
D5761.(3).|.053.|.Full.ROI,8852,23021,Pfn2,-2.18553514326755,Cortical layer I,Pfn2
D5761.(3).|.053.|.Full.ROI,8852,23021,Ap3s1,-2.10758264295196,Cortical layer I,Ap3s1
D5761.(3).|.053.|.Full.ROI,8852,23021,Pcmt1,-2.16546797963127,Cortical layer I,Pcmt1
D5761.(3).|.053.|.Full.ROI,8852,23021,Rab12,-2.19177589834474,Cortical layer I,Rab12
D5761.(3).|.053.|.Full.ROI,8852,23021,Gucy1b1,-0.854126719076367,Cortical layer I,Gucy1b1
D5761.(3).|.053.|.Full.ROI,8852,23021,Exd2,-0.749256020177826,Cortical layer I,Exd2
D5761.(3).|.053.|.Full.ROI,8852,23021,Slc12a5,-1.55700572994107,Cortical layer I,Slc12a5
D5761.(3).|.053.|.Full.ROI,8852,23021,Calm1,-1.90726579041419,Cortical layer I,Calm1
D5761.(3).|.053.|.Full.ROI,8852,23021,Gpr158,-1.39310245324939,Cortical layer I,Gpr158
D5761.(3).|.053.|.Full.ROI,8852,23021,Kcnip2,-1.14262676202398,Cortical layer I,Kcnip2
D5761.(3).|.053.|.Full.ROI,8852,23021,Tacc1,-1.87985792375388,Cortical layer I,Tacc1
D5761.(3).|.053.|.Full.ROI,8852,23021,Them6,-1.94034154889307,Cortical layer I,Them6
D5761.(3).|.053.|.Full.ROI,8852,23021,Rtn4,-1.93343972825223,Cortical layer I,Rtn4
D5761.(3).|.053.|.Full.ROI,8852,23021,Arhgef25,-2.11939673946257,Cortical layer I,Arhgef25
D5761.(3).|.053.|.Full.ROI,8852,23021,Stxbp5l,-1.28841394115903,Cortical layer I,Stxbp5l
D5761.(3).|.053.|.Full.ROI,8852,23021,Tbr1,-1.3206086309962,Cortical layer I,Tbr1
D5761.(3).|.053.|.Full.ROI,8852,23021,Ppp1r1b,-1.54827594281944,Cortical layer I,Ppp1r1b
D5761.(3).|.053.|.Full.ROI,8852,23021,Nptx1,-1.26747260607492,Cortical layer I,Nptx1
D5761.(3).|.053.|.Full.ROI,8852,23021,Tsnax,-1.16865025025787,Cortical layer I,Tsnax
D5761.(3).|.053.|.Full.ROI,8852,23021,Dock4,0.147125707289692,Cortical layer I,Dock4
D5761.(3).|.053.|.Full.ROI,8852,23021,Sipa1l1,0.234409634588376,Cortical layer I,Sipa1l1
D5761.(3).|.053.|.Full.ROI,8852,23021,Kcnh4,0.0430378473418371,Cortical layer I,Kcnh4
D5761.(3).|.053.|.Full.ROI,8852,23021,Kcnh5,-1.06081889331954,Cortical layer I,Kcnh5
D5761.(3).|.053.|.Full.ROI,8852,23021,Myo16,-0.974740752108547,Cortical layer I,Myo16
D5761.(3).|.053.|.Full.ROI,8852,23021,Cux1,-0.0657446912208486,Cortical layer I,Cux1
D5761.(3).|.053.|.Full.ROI,8852,23021,Cux2,0.213524685703145,Cortical layer I,Cux2
D5761.(3).|.053.|.Full.ROI,8852,23021,Ptn,0.609299424863641,Cortical layer I,Ptn
D5761.(3).|.053.|.Full.ROI,8852,23021,Plxnd1,0.547068249291904,Cortical layer I,Plxnd1
D5761.(3).|.053.|.Full.ROI,8852,23021,Nectin1,-1.1469705715581,Cortical layer I,Nectin1
D5761.(3).|.053.|.Full.ROI,8852,23021,Rilpl1,-0.258875742068041,Cortical layer I,Rilpl1
D5761.(3).|.053.|.Full.ROI,8852,23021,Npbwr1,2.15099072929811,Cortical layer I,Npbwr1
D5761.(3).|.053.|.Full.ROI,8852,23021,Tmem200a,1.55882461140545,Cortical layer I,Tmem200a
D5761.(3).|.053.|.Full.ROI,8852,23021,Ndrg2,1.97770715980467,Cortical layer I,Ndrg2
D5761.(3).|.053.|.Full.ROI,8852,23021,Ivd,1.33233235939948,Cortical layer I,Ivd
D5761.(3).|.053.|.Full.ROI,8852,23021,Lypd5,2.3686203447383,Cortical layer I,Lypd5
D5761.(3).|.053.|.Full.ROI,8852,23021,Cgnl1,2.14661709734813,Cortical layer I,Cgnl1
D5761.(3).|.053.|.Full.ROI,8852,23021,Gng7,2.04299736804747,Cortical layer I,Gng7
D5761.(3).|.053.|.Full.ROI,8852,23021,Lrsam1,1.04713792356349,Cortical layer I,Lrsam1
D5761.(3).|.053.|.Full.ROI,8852,23021,Etv1,-0.523209540483704,Cortical layer I,Etv1
D5761.(3).|.053.|.Full.ROI,8852,23021,Fezf2,0.301443301009379,Cortical layer I,Fezf2
D5761.(3).|.064.|.Full.ROI,4148,18512,Cryab,-0.963351711141044,Cortical layer II/III,Cryab
D5761.(3).|.064.|.Full.ROI,4148,18512,Pde4a,-1.06063631920836,Cortical layer II/III,Pde4a
D5761.(3).|.064.|.Full.ROI,4148,18512,Cyb5a,-0.941550283439514,Cortical layer II/III,Cyb5a
D5761.(3).|.064.|.Full.ROI,4148,18512,Mllt11,-0.204126153150749,Cortical layer II/III,Mllt11
D5761.(3).|.064.|.Full.ROI,4148,18512,Dkk3,-0.71862638651243,Cortical layer II/III,Dkk3
D5761.(3).|.064.|.Full.ROI,4148,18512,Ighm,-0.523340129985775,Cortical layer II/III,Ighm
D5761.(3).|.064.|.Full.ROI,4148,18512,Dnajc16,0.761621446008809,Cortical layer II/III,Dnajc16
D5761.(3).|.064.|.Full.ROI,4148,18512,Tppp,0.160121795665261,Cortical layer II/III,Tppp
D5761.(3).|.064.|.Full.ROI,4148,18512,Gopc,0.433423894409779,Cortical layer II/III,Gopc
D5761.(3).|.064.|.Full.ROI,4148,18512,Cltc,-0.00227229157218003,Cortical layer II/III,Cltc
D5761.(3).|.064.|.Full.ROI,4148,18512,Pfn2,0.0852282757183911,Cortical layer II/III,Pfn2
D5761.(3).|.064.|.Full.ROI,4148,18512,Ap3s1,-0.400839211526445,Cortical layer II/III,Ap3s1
D5761.(3).|.064.|.Full.ROI,4148,18512,Pcmt1,0.719566747717266,Cortical layer II/III,Pcmt1
D5761.(3).|.064.|.Full.ROI,4148,18512,Rab12,0.320278150268407,Cortical layer II/III,Rab12
D5761.(3).|.064.|.Full.ROI,4148,18512,Gucy1b1,1.43881908522695,Cortical layer II/III,Gucy1b1
D5761.(3).|.064.|.Full.ROI,4148,18512,Exd2,1.37571107760098,Cortical layer II/III,Exd2
D5761.(3).|.064.|.Full.ROI,4148,18512,Slc12a5,1.314858823212,Cortical layer II/III,Slc12a5
D5761.(3).|.064.|.Full.ROI,4148,18512,Calm1,0.765188240232467,Cortical layer II/III,Calm1
D5761.(3).|.064.|.Full.ROI,4148,18512,Gpr158,0.00857557589688708,Cortical layer II/III,Gpr158
D5761.(3).|.064.|.Full.ROI,4148,18512,Kcnip2,0.686197572804678,Cortical layer II/III,Kcnip2
D5761.(3).|.064.|.Full.ROI,4148,18512,Tacc1,-0.379774484479444,Cortical layer II/III,Tacc1
D5761.(3).|.064.|.Full.ROI,4148,18512,Them6,1.0137605356508,Cortical layer II/III,Them6
D5761.(3).|.064.|.Full.ROI,4148,18512,Rtn4,0.0987225701260856,Cortical layer II/III,Rtn4
D5761.(3).|.064.|.Full.ROI,4148,18512,Arhgef25,0.549098510524116,Cortical layer II/III,Arhgef25
D5761.(3).|.064.|.Full.ROI,4148,18512,Stxbp5l,-1.30943359827971,Cortical layer II/III,Stxbp5l
D5761.(3).|.064.|.Full.ROI,4148,18512,Tbr1,-0.929385739694965,Cortical layer II/III,Tbr1
D5761.(3).|.064.|.Full.ROI,4148,18512,Ppp1r1b,0.911988397017733,Cortical layer II/III,Ppp1r1b
D5761.(3).|.064.|.Full.ROI,4148,18512,Nptx1,0.354728656787104,Cortical layer II/III,Nptx1
D5761.(3).|.064.|.Full.ROI,4148,18512,Tsnax,1.99526946844555,Cortical layer II/III,Tsnax
D5761.(3).|.064.|.Full.ROI,4148,18512,Dock4,1.57826292847435,Cortical layer II/III,Dock4
D5761.(3).|.064.|.Full.ROI,4148,18512,Sipa1l1,1.52239463411598,Cortical layer II/III,Sipa1l1
D5761.(3).|.064.|.Full.ROI,4148,18512,Kcnh4,1.36368426120469,Cortical layer II/III,Kcnh4
D5761.(3).|.064.|.Full.ROI,4148,18512,Kcnh5,-0.285884831070959,Cortical layer II/III,Kcnh5
D5761.(3).|.064.|.Full.ROI,4148,18512,Myo16,-0.71820220133712,Cortical layer II/III,Myo16
D5761.(3).|.064.|.Full.ROI,4148,18512,Cux1,-0.111901698699198,Cortical layer II/III,Cux1
D5761.(3).|.064.|.Full.ROI,4148,18512,Cux2,1.08668724708784,Cortical layer II/III,Cux2
D5761.(3).|.064.|.Full.ROI,4148,18512,Ptn,0.095604810229424,Cortical layer II/III,Ptn
D5761.(3).|.064.|.Full.ROI,4148,18512,Plxnd1,0.668295849736173,Cortical layer II/III,Plxnd1
D5761.(3).|.064.|.Full.ROI,4148,18512,Nectin1,1.10518013464538,Cortical layer II/III,Nectin1
D5761.(3).|.064.|.Full.ROI,4148,18512,Rilpl1,2.29096371022006,Cortical layer II/III,Rilpl1
D5761.(3).|.064.|.Full.ROI,4148,18512,Npbwr1,-0.4391569281699,Cortical layer II/III,Npbwr1
D5761.(3).|.064.|.Full.ROI,4148,18512,Tmem200a,-0.042038983316853,Cortical layer II/III,Tmem200a
D5761.(3).|.064.|.Full.ROI,4148,18512,Ndrg2,-1.11598662806204,Cortical layer II/III,Ndrg2
D5761.(3).|.064.|.Full.ROI,4148,18512,Ivd,-0.653351954592306,Cortical layer II/III,Ivd
D5761.(3).|.064.|.Full.ROI,4148,18512,Lypd5,1.87875439994626,Cortical layer II/III,Lypd5
D5761.(3).|.064.|.Full.ROI,4148,18512,Cgnl1,-0.259302098115736,Cortical layer II/III,Cgnl1
D5761.(3).|.064.|.Full.ROI,4148,18512,Gng7,-0.0440772952720057,Cortical layer II/III,Gng7
D5761.(3).|.064.|.Full.ROI,4148,18512,Lrsam1,-1.12682312582527,Cortical layer II/III,Lrsam1
D5761.(3).|.064.|.Full.ROI,4148,18512,Etv1,-0.61829923164101,Cortical layer II/III,Etv1
D5761.(3).|.064.|.Full.ROI,4148,18512,Fezf2,-0.886246062258249,Cortical layer II/III,Fezf2
D5761.(3).|.044.|.Full.ROI,6083,21055,Cryab,-0.854565306659926,Cortical layer II/III,Cryab
D5761.(3).|.044.|.Full.ROI,6083,21055,Pde4a,-1.08830322492957,Cortical layer II/III,Pde4a
D5761.(3).|.044.|.Full.ROI,6083,21055,Cyb5a,-0.700528298225359,Cortical layer II/III,Cyb5a
D5761.(3).|.044.|.Full.ROI,6083,21055,Mllt11,-0.30494190395917,Cortical layer II/III,Mllt11
D5761.(3).|.044.|.Full.ROI,6083,21055,Dkk3,-0.729092736275398,Cortical layer II/III,Dkk3
D5761.(3).|.044.|.Full.ROI,6083,21055,Ighm,-0.541223712587786,Cortical layer II/III,Ighm
D5761.(3).|.044.|.Full.ROI,6083,21055,Dnajc16,0.18256857285511,Cortical layer II/III,Dnajc16
D5761.(3).|.044.|.Full.ROI,6083,21055,Tppp,-0.0656934241073643,Cortical layer II/III,Tppp
D5761.(3).|.044.|.Full.ROI,6083,21055,Gopc,-0.602019893384035,Cortical layer II/III,Gopc
D5761.(3).|.044.|.Full.ROI,6083,21055,Cltc,-0.148470648402719,Cortical layer II/III,Cltc
D5761.(3).|.044.|.Full.ROI,6083,21055,Pfn2,-0.190795279952909,Cortical layer II/III,Pfn2
D5761.(3).|.044.|.Full.ROI,6083,21055,Ap3s1,0.509037592323485,Cortical layer II/III,Ap3s1
D5761.(3).|.044.|.Full.ROI,6083,21055,Pcmt1,0.786983794480874,Cortical layer II/III,Pcmt1
D5761.(3).|.044.|.Full.ROI,6083,21055,Rab12,0.511840634443351,Cortical layer II/III,Rab12
D5761.(3).|.044.|.Full.ROI,6083,21055,Gucy1b1,1.49117398523561,Cortical layer II/III,Gucy1b1
D5761.(3).|.044.|.Full.ROI,6083,21055,Exd2,1.28733415469304,Cortical layer II/III,Exd2
D5761.(3).|.044.|.Full.ROI,6083,21055,Slc12a5,1.23769912671692,Cortical layer II/III,Slc12a5
D5761.(3).|.044.|.Full.ROI,6083,21055,Calm1,1.10241472189033,Cortical layer II/III,Calm1
D5761.(3).|.044.|.Full.ROI,6083,21055,Gpr158,0.49014624380533,Cortical layer II/III,Gpr158
D5761.(3).|.044.|.Full.ROI,6083,21055,Kcnip2,0.0904629685917044,Cortical layer II/III,Kcnip2
D5761.(3).|.044.|.Full.ROI,6083,21055,Tacc1,1.05166543648991,Cortical layer II/III,Tacc1
D5761.(3).|.044.|.Full.ROI,6083,21055,Them6,1.03850175913944,Cortical layer II/III,Them6
D5761.(3).|.044.|.Full.ROI,6083,21055,Rtn4,0.495658961622192,Cortical layer II/III,Rtn4
D5761.(3).|.044.|.Full.ROI,6083,21055,Arhgef25,0.313365714588898,Cortical layer II/III,Arhgef25
D5761.(3).|.044.|.Full.ROI,6083,21055,Stxbp5l,-0.606565765437504,Cortical layer II/III,Stxbp5l
D5761.(3).|.044.|.Full.ROI,6083,21055,Tbr1,-0.459975866436953,Cortical layer II/III,Tbr1
D5761.(3).|.044.|.Full.ROI,6083,21055,Ppp1r1b,1.06836412871288,Cortical layer II/III,Ppp1r1b
D5761.(3).|.044.|.Full.ROI,6083,21055,Nptx1,0.026827314508808,Cortical layer II/III,Nptx1
D5761.(3).|.044.|.Full.ROI,6083,21055,Tsnax,1.54944240790933,Cortical layer II/III,Tsnax
D5761.(3).|.044.|.Full.ROI,6083,21055,Dock4,1.62586040818449,Cortical layer II/III,Dock4
D5761.(3).|.044.|.Full.ROI,6083,21055,Sipa1l1,1.55489783903814,Cortical layer II/III,Sipa1l1
D5761.(3).|.044.|.Full.ROI,6083,21055,Kcnh4,1.47466295144526,Cortical layer II/III,Kcnh4
D5761.(3).|.044.|.Full.ROI,6083,21055,Kcnh5,0.166772687111582,Cortical layer II/III,Kcnh5
D5761.(3).|.044.|.Full.ROI,6083,21055,Myo16,0.283198281937309,Cortical layer II/III,Myo16
D5761.(3).|.044.|.Full.ROI,6083,21055,Cux1,0.705656632142015,Cortical layer II/III,Cux1
D5761.(3).|.044.|.Full.ROI,6083,21055,Cux2,1.49414755714713,Cortical layer II/III,Cux2
D5761.(3).|.044.|.Full.ROI,6083,21055,Ptn,0.537049186171408,Cortical layer II/III,Ptn
D5761.(3).|.044.|.Full.ROI,6083,21055,Plxnd1,0.814893135987702,Cortical layer II/III,Plxnd1
D5761.(3).|.044.|.Full.ROI,6083,21055,Nectin1,0.991979383862351,Cortical layer II/III,Nectin1
D5761.(3).|.044.|.Full.ROI,6083,21055,Rilpl1,1.27396359972686,Cortical layer II/III,Rilpl1
D5761.(3).|.044.|.Full.ROI,6083,21055,Npbwr1,-0.424110177516549,Cortical layer II/III,Npbwr1
D5761.(3).|.044.|.Full.ROI,6083,21055,Tmem200a,0.84520200418873,Cortical layer II/III,Tmem200a
D5761.(3).|.044.|.Full.ROI,6083,21055,Ndrg2,-0.621920250083491,Cortical layer II/III,Ndrg2
D5761.(3).|.044.|.Full.ROI,6083,21055,Ivd,-0.699948636449304,Cortical layer II/III,Ivd
D5761.(3).|.044.|.Full.ROI,6083,21055,Lypd5,-0.48047547565096,Cortical layer II/III,Lypd5
D5761.(3).|.044.|.Full.ROI,6083,21055,Cgnl1,-0.197747147939394,Cortical layer II/III,Cgnl1
D5761.(3).|.044.|.Full.ROI,6083,21055,Gng7,0.137072306161079,Cortical layer II/III,Gng7
D5761.(3).|.044.|.Full.ROI,6083,21055,Lrsam1,0.00958329454980315,Cortical layer II/III,Lrsam1
D5761.(3).|.044.|.Full.ROI,6083,21055,Etv1,-0.363994323753478,Cortical layer II/III,Etv1
D5761.(3).|.044.|.Full.ROI,6083,21055,Fezf2,-0.581110021100721,Cortical layer II/III,Fezf2
D5761.(3).|.054.|.Full.ROI,8968,22536,Cryab,-0.887981836280366,Cortical layer II/III,Cryab
D5761.(3).|.054.|.Full.ROI,8968,22536,Pde4a,-1.02738603191088,Cortical layer II/III,Pde4a
D5761.(3).|.054.|.Full.ROI,8968,22536,Cyb5a,-0.798396880303526,Cortical layer II/III,Cyb5a
D5761.(3).|.054.|.Full.ROI,8968,22536,Mllt11,-0.276680548496534,Cortical layer II/III,Mllt11
D5761.(3).|.054.|.Full.ROI,8968,22536,Dkk3,-0.707403433152139,Cortical layer II/III,Dkk3
D5761.(3).|.054.|.Full.ROI,8968,22536,Ighm,-0.633873598357241,Cortical layer II/III,Ighm
D5761.(3).|.054.|.Full.ROI,8968,22536,Dnajc16,0.177791642161834,Cortical layer II/III,Dnajc16
D5761.(3).|.054.|.Full.ROI,8968,22536,Tppp,0.127805426595806,Cortical layer II/III,Tppp
D5761.(3).|.054.|.Full.ROI,8968,22536,Gopc,0.148988733425451,Cortical layer II/III,Gopc
D5761.(3).|.054.|.Full.ROI,8968,22536,Cltc,-0.0553753246677465,Cortical layer II/III,Cltc
D5761.(3).|.054.|.Full.ROI,8968,22536,Pfn2,0.470299679063275,Cortical layer II/III,Pfn2
D5761.(3).|.054.|.Full.ROI,8968,22536,Ap3s1,0.402451225883696,Cortical layer II/III,Ap3s1
D5761.(3).|.054.|.Full.ROI,8968,22536,Pcmt1,0.82997075293626,Cortical layer II/III,Pcmt1
D5761.(3).|.054.|.Full.ROI,8968,22536,Rab12,0.914293179916367,Cortical layer II/III,Rab12
D5761.(3).|.054.|.Full.ROI,8968,22536,Gucy1b1,1.54713791602114,Cortical layer II/III,Gucy1b1
D5761.(3).|.054.|.Full.ROI,8968,22536,Exd2,1.14191639922437,Cortical layer II/III,Exd2
D5761.(3).|.054.|.Full.ROI,8968,22536,Slc12a5,1.35937638651823,Cortical layer II/III,Slc12a5
D5761.(3).|.054.|.Full.ROI,8968,22536,Calm1,1.40020911096845,Cortical layer II/III,Calm1
D5761.(3).|.054.|.Full.ROI,8968,22536,Gpr158,0.38151199931432,Cortical layer II/III,Gpr158
D5761.(3).|.054.|.Full.ROI,8968,22536,Kcnip2,0.170809361169318,Cortical layer II/III,Kcnip2
D5761.(3).|.054.|.Full.ROI,8968,22536,Tacc1,1.4109296747345,Cortical layer II/III,Tacc1
D5761.(3).|.054.|.Full.ROI,8968,22536,Them6,1.16667918203241,Cortical layer II/III,Them6
D5761.(3).|.054.|.Full.ROI,8968,22536,Rtn4,0.816559975175731,Cortical layer II/III,Rtn4
D5761.(3).|.054.|.Full.ROI,8968,22536,Arhgef25,0.459917669652236,Cortical layer II/III,Arhgef25
D5761.(3).|.054.|.Full.ROI,8968,22536,Stxbp5l,0.42126925428282,Cortical layer II/III,Stxbp5l
D5761.(3).|.054.|.Full.ROI,8968,22536,Tbr1,0.0301305098440755,Cortical layer II/III,Tbr1
D5761.(3).|.054.|.Full.ROI,8968,22536,Ppp1r1b,1.14717858869879,Cortical layer II/III,Ppp1r1b
D5761.(3).|.054.|.Full.ROI,8968,22536,Nptx1,0.280155049203014,Cortical layer II/III,Nptx1
D5761.(3).|.054.|.Full.ROI,8968,22536,Tsnax,1.64529849746351,Cortical layer II/III,Tsnax
D5761.(3).|.054.|.Full.ROI,8968,22536,Dock4,1.83731077813776,Cortical layer II/III,Dock4
D5761.(3).|.054.|.Full.ROI,8968,22536,Sipa1l1,1.30096557157155,Cortical layer II/III,Sipa1l1
D5761.(3).|.054.|.Full.ROI,8968,22536,Kcnh4,1.5321579355458,Cortical layer II/III,Kcnh4
D5761.(3).|.054.|.Full.ROI,8968,22536,Kcnh5,0.437671380481732,Cortical layer II/III,Kcnh5
D5761.(3).|.054.|.Full.ROI,8968,22536,Myo16,0.265710714272167,Cortical layer II/III,Myo16
D5761.(3).|.054.|.Full.ROI,8968,22536,Cux1,0.793271867790028,Cortical layer II/III,Cux1
D5761.(3).|.054.|.Full.ROI,8968,22536,Cux2,1.38920488577931,Cortical layer II/III,Cux2
D5761.(3).|.054.|.Full.ROI,8968,22536,Ptn,0.673952705270602,Cortical layer II/III,Ptn
D5761.(3).|.054.|.Full.ROI,8968,22536,Plxnd1,0.677163617410668,Cortical layer II/III,Plxnd1
D5761.(3).|.054.|.Full.ROI,8968,22536,Nectin1,1.27336822880575,Cortical layer II/III,Nectin1
D5761.(3).|.054.|.Full.ROI,8968,22536,Rilpl1,1.04492488399682,Cortical layer II/III,Rilpl1
D5761.(3).|.054.|.Full.ROI,8968,22536,Npbwr1,-0.43502360389404,Cortical layer II/III,Npbwr1
D5761.(3).|.054.|.Full.ROI,8968,22536,Tmem200a,-0.307242289671453,Cortical layer II/III,Tmem200a
D5761.(3).|.054.|.Full.ROI,8968,22536,Ndrg2,-0.116795387188852,Cortical layer II/III,Ndrg2
D5761.(3).|.054.|.Full.ROI,8968,22536,Ivd,-0.613732744889456,Cortical layer II/III,Ivd
D5761.(3).|.054.|.Full.ROI,8968,22536,Lypd5,0.068173313676407,Cortical layer II/III,Lypd5
D5761.(3).|.054.|.Full.ROI,8968,22536,Cgnl1,-0.242393027464886,Cortical layer II/III,Cgnl1
D5761.(3).|.054.|.Full.ROI,8968,22536,Gng7,-0.404054662692995,Cortical layer II/III,Gng7
D5761.(3).|.054.|.Full.ROI,8968,22536,Lrsam1,-0.845300426207684,Cortical layer II/III,Lrsam1
D5761.(3).|.054.|.Full.ROI,8968,22536,Etv1,-0.392241164799222,Cortical layer II/III,Etv1
D5761.(3).|.054.|.Full.ROI,8968,22536,Fezf2,-0.774771224678869,Cortical layer II/III,Fezf2
D5761.(3).|.045.|.Full.ROI,6525,20614,Cryab,-0.00593508055279391,Cortical layer IV,Cryab
D5761.(3).|.045.|.Full.ROI,6525,20614,Pde4a,-0.153557053063007,Cortical layer IV,Pde4a
D5761.(3).|.045.|.Full.ROI,6525,20614,Cyb5a,-0.560474982492805,Cortical layer IV,Cyb5a
D5761.(3).|.045.|.Full.ROI,6525,20614,Mllt11,-1.40355738023446,Cortical layer IV,Mllt11
D5761.(3).|.045.|.Full.ROI,6525,20614,Dkk3,-0.989649759321914,Cortical layer IV,Dkk3
D5761.(3).|.045.|.Full.ROI,6525,20614,Ighm,-0.829596482045215,Cortical layer IV,Ighm
D5761.(3).|.045.|.Full.ROI,6525,20614,Dnajc16,0.341162671871728,Cortical layer IV,Dnajc16
D5761.(3).|.045.|.Full.ROI,6525,20614,Tppp,0.557888054347316,Cortical layer IV,Tppp
D5761.(3).|.045.|.Full.ROI,6525,20614,Gopc,0.901390697204907,Cortical layer IV,Gopc
D5761.(3).|.045.|.Full.ROI,6525,20614,Cltc,0.605374412085364,Cortical layer IV,Cltc
D5761.(3).|.045.|.Full.ROI,6525,20614,Pfn2,0.803467580266228,Cortical layer IV,Pfn2
D5761.(3).|.045.|.Full.ROI,6525,20614,Ap3s1,0.135234701569852,Cortical layer IV,Ap3s1
D5761.(3).|.045.|.Full.ROI,6525,20614,Pcmt1,-0.171894047564608,Cortical layer IV,Pcmt1
D5761.(3).|.045.|.Full.ROI,6525,20614,Rab12,0.158096415200053,Cortical layer IV,Rab12
D5761.(3).|.045.|.Full.ROI,6525,20614,Gucy1b1,0.265804236931663,Cortical layer IV,Gucy1b1
D5761.(3).|.045.|.Full.ROI,6525,20614,Exd2,0.270377168555156,Cortical layer IV,Exd2
D5761.(3).|.045.|.Full.ROI,6525,20614,Slc12a5,0.280822138207299,Cortical layer IV,Slc12a5
D5761.(3).|.045.|.Full.ROI,6525,20614,Calm1,0.567104191585789,Cortical layer IV,Calm1
D5761.(3).|.045.|.Full.ROI,6525,20614,Gpr158,1.45328757962222,Cortical layer IV,Gpr158
D5761.(3).|.045.|.Full.ROI,6525,20614,Kcnip2,1.79280773474782,Cortical layer IV,Kcnip2
D5761.(3).|.045.|.Full.ROI,6525,20614,Tacc1,0.950925802117275,Cortical layer IV,Tacc1
D5761.(3).|.045.|.Full.ROI,6525,20614,Them6,0.310588920710448,Cortical layer IV,Them6
D5761.(3).|.045.|.Full.ROI,6525,20614,Rtn4,1.69944597235746,Cortical layer IV,Rtn4
D5761.(3).|.045.|.Full.ROI,6525,20614,Arhgef25,1.06026646802575,Cortical layer IV,Arhgef25
D5761.(3).|.045.|.Full.ROI,6525,20614,Stxbp5l,0.376564162347032,Cortical layer IV,Stxbp5l
D5761.(3).|.045.|.Full.ROI,6525,20614,Tbr1,0.283016448290452,Cortical layer IV,Tbr1
D5761.(3).|.045.|.Full.ROI,6525,20614,Ppp1r1b,0.551121323875095,Cortical layer IV,Ppp1r1b
D5761.(3).|.045.|.Full.ROI,6525,20614,Nptx1,-0.579765563802913,Cortical layer IV,Nptx1
D5761.(3).|.045.|.Full.ROI,6525,20614,Tsnax,-0.622859416799722,Cortical layer IV,Tsnax
D5761.(3).|.045.|.Full.ROI,6525,20614,Dock4,-0.574333091416766,Cortical layer IV,Dock4
D5761.(3).|.045.|.Full.ROI,6525,20614,Sipa1l1,-0.312346277330279,Cortical layer IV,Sipa1l1
D5761.(3).|.045.|.Full.ROI,6525,20614,Kcnh4,-0.0323108423478156,Cortical layer IV,Kcnh4
D5761.(3).|.045.|.Full.ROI,6525,20614,Kcnh5,2.046081831566,Cortical layer IV,Kcnh5
D5761.(3).|.045.|.Full.ROI,6525,20614,Myo16,1.85562207449463,Cortical layer IV,Myo16
D5761.(3).|.045.|.Full.ROI,6525,20614,Cux1,1.87079404763801,Cortical layer IV,Cux1
D5761.(3).|.045.|.Full.ROI,6525,20614,Cux2,1.02603475818588,Cortical layer IV,Cux2
D5761.(3).|.045.|.Full.ROI,6525,20614,Ptn,1.34165411706221,Cortical layer IV,Ptn
D5761.(3).|.045.|.Full.ROI,6525,20614,Plxnd1,-0.88350858452223,Cortical layer IV,Plxnd1
D5761.(3).|.045.|.Full.ROI,6525,20614,Nectin1,0.664350287846092,Cortical layer IV,Nectin1
D5761.(3).|.045.|.Full.ROI,6525,20614,Rilpl1,0.071736664985763,Cortical layer IV,Rilpl1
D5761.(3).|.045.|.Full.ROI,6525,20614,Npbwr1,0.481704211815245,Cortical layer IV,Npbwr1
D5761.(3).|.045.|.Full.ROI,6525,20614,Tmem200a,-0.25267892999084,Cortical layer IV,Tmem200a
D5761.(3).|.045.|.Full.ROI,6525,20614,Ndrg2,-0.0575753641834014,Cortical layer IV,Ndrg2
D5761.(3).|.045.|.Full.ROI,6525,20614,Ivd,0.158761643486804,Cortical layer IV,Ivd
D5761.(3).|.045.|.Full.ROI,6525,20614,Lypd5,-0.9573115962182,Cortical layer IV,Lypd5
D5761.(3).|.045.|.Full.ROI,6525,20614,Cgnl1,-1.48336625019384,Cortical layer IV,Cgnl1
D5761.(3).|.045.|.Full.ROI,6525,20614,Gng7,-0.940189685339925,Cortical layer IV,Gng7
D5761.(3).|.045.|.Full.ROI,6525,20614,Lrsam1,1.34836346101907,Cortical layer IV,Lrsam1
D5761.(3).|.045.|.Full.ROI,6525,20614,Etv1,-0.643933166356073,Cortical layer IV,Etv1
D5761.(3).|.045.|.Full.ROI,6525,20614,Fezf2,-1.01735310807529,Cortical layer IV,Fezf2
D5761.(3).|.055.|.Full.ROI,9157,22058,Cryab,-0.75452353203754,Cortical layer IV,Cryab
D5761.(3).|.055.|.Full.ROI,9157,22058,Pde4a,0.00400432817965142,Cortical layer IV,Pde4a
D5761.(3).|.055.|.Full.ROI,9157,22058,Cyb5a,-0.577981646959376,Cortical layer IV,Cyb5a
D5761.(3).|.055.|.Full.ROI,9157,22058,Mllt11,-0.124313683760752,Cortical layer IV,Mllt11
D5761.(3).|.055.|.Full.ROI,9157,22058,Dkk3,-1.02912809614714,Cortical layer IV,Dkk3
D5761.(3).|.055.|.Full.ROI,9157,22058,Ighm,-0.762843526152292,Cortical layer IV,Ighm
D5761.(3).|.055.|.Full.ROI,9157,22058,Dnajc16,-0.914373945343168,Cortical layer IV,Dnajc16
D5761.(3).|.055.|.Full.ROI,9157,22058,Tppp,0.691512656873315,Cortical layer IV,Tppp
D5761.(3).|.055.|.Full.ROI,9157,22058,Gopc,0.154504025598219,Cortical layer IV,Gopc
D5761.(3).|.055.|.Full.ROI,9157,22058,Cltc,0.656976901344964,Cortical layer IV,Cltc
D5761.(3).|.055.|.Full.ROI,9157,22058,Pfn2,-0.270198216706519,Cortical layer IV,Pfn2
D5761.(3).|.055.|.Full.ROI,9157,22058,Ap3s1,-0.200495672532951,Cortical layer IV,Ap3s1
D5761.(3).|.055.|.Full.ROI,9157,22058,Pcmt1,0.242504709753498,Cortical layer IV,Pcmt1
D5761.(3).|.055.|.Full.ROI,9157,22058,Rab12,0.128617730263112,Cortical layer IV,Rab12
D5761.(3).|.055.|.Full.ROI,9157,22058,Gucy1b1,0.382166868069051,Cortical layer IV,Gucy1b1
D5761.(3).|.055.|.Full.ROI,9157,22058,Exd2,-0.249252168660035,Cortical layer IV,Exd2
D5761.(3).|.055.|.Full.ROI,9157,22058,Slc12a5,0.791329879359622,Cortical layer IV,Slc12a5
D5761.(3).|.055.|.Full.ROI,9157,22058,Calm1,0.555265593319438,Cortical layer IV,Calm1
D5761.(3).|.055.|.Full.ROI,9157,22058,Gpr158,1.71200373631771,Cortical layer IV,Gpr158
D5761.(3).|.055.|.Full.ROI,9157,22058,Kcnip2,1.66759904361387,Cortical layer IV,Kcnip2
D5761.(3).|.055.|.Full.ROI,9157,22058,Tacc1,0.587143789104965,Cortical layer IV,Tacc1
D5761.(3).|.055.|.Full.ROI,9157,22058,Them6,0.240597301630735,Cortical layer IV,Them6
D5761.(3).|.055.|.Full.ROI,9157,22058,Rtn4,0.586009421589076,Cortical layer IV,Rtn4
D5761.(3).|.055.|.Full.ROI,9157,22058,Arhgef25,0.651249388762712,Cortical layer IV,Arhgef25
D5761.(3).|.055.|.Full.ROI,9157,22058,Stxbp5l,0.418849320531313,Cortical layer IV,Stxbp5l
D5761.(3).|.055.|.Full.ROI,9157,22058,Tbr1,0.365571149926829,Cortical layer IV,Tbr1
D5761.(3).|.055.|.Full.ROI,9157,22058,Ppp1r1b,0.378707055595832,Cortical layer IV,Ppp1r1b
D5761.(3).|.055.|.Full.ROI,9157,22058,Nptx1,-0.340537558499744,Cortical layer IV,Nptx1
D5761.(3).|.055.|.Full.ROI,9157,22058,Tsnax,-0.704320735226312,Cortical layer IV,Tsnax
D5761.(3).|.055.|.Full.ROI,9157,22058,Dock4,-0.889864717328574,Cortical layer IV,Dock4
D5761.(3).|.055.|.Full.ROI,9157,22058,Sipa1l1,-0.459564126824396,Cortical layer IV,Sipa1l1
D5761.(3).|.055.|.Full.ROI,9157,22058,Kcnh4,0.546757791378228,Cortical layer IV,Kcnh4
D5761.(3).|.055.|.Full.ROI,9157,22058,Kcnh5,1.51305158910616,Cortical layer IV,Kcnh5
D5761.(3).|.055.|.Full.ROI,9157,22058,Myo16,1.55323288361822,Cortical layer IV,Myo16
D5761.(3).|.055.|.Full.ROI,9157,22058,Cux1,1.79601990315694,Cortical layer IV,Cux1
D5761.(3).|.055.|.Full.ROI,9157,22058,Cux2,0.261171881311701,Cortical layer IV,Cux2
D5761.(3).|.055.|.Full.ROI,9157,22058,Ptn,1.28874358872698,Cortical layer IV,Ptn
D5761.(3).|.055.|.Full.ROI,9157,22058,Plxnd1,1.19866660167985,Cortical layer IV,Plxnd1
D5761.(3).|.055.|.Full.ROI,9157,22058,Nectin1,0.824264489473076,Cortical layer IV,Nectin1
D5761.(3).|.055.|.Full.ROI,9157,22058,Rilpl1,0.35977020143415,Cortical layer IV,Rilpl1
D5761.(3).|.055.|.Full.ROI,9157,22058,Npbwr1,0.675807295243483,Cortical layer IV,Npbwr1
D5761.(3).|.055.|.Full.ROI,9157,22058,Tmem200a,1.21116231558192,Cortical layer IV,Tmem200a
D5761.(3).|.055.|.Full.ROI,9157,22058,Ndrg2,-0.0611151618548183,Cortical layer IV,Ndrg2
D5761.(3).|.055.|.Full.ROI,9157,22058,Ivd,0.0633493901605692,Cortical layer IV,Ivd
D5761.(3).|.055.|.Full.ROI,9157,22058,Lypd5,-0.877838909456994,Cortical layer IV,Lypd5
D5761.(3).|.055.|.Full.ROI,9157,22058,Cgnl1,-0.966597787522937,Cortical layer IV,Cgnl1
D5761.(3).|.055.|.Full.ROI,9157,22058,Gng7,-1.105922299417,Cortical layer IV,Gng7
D5761.(3).|.055.|.Full.ROI,9157,22058,Lrsam1,-0.613321366237981,Cortical layer IV,Lrsam1
D5761.(3).|.055.|.Full.ROI,9157,22058,Etv1,-0.528749996743548,Cortical layer IV,Etv1
D5761.(3).|.055.|.Full.ROI,9157,22058,Fezf2,-0.835585155169222,Cortical layer IV,Fezf2
D5761.(3).|.065.|.Full.ROI,4576,18267,Cryab,-0.895444445600452,Cortical layer IV,Cryab
D5761.(3).|.065.|.Full.ROI,4576,18267,Pde4a,-0.0531780607432456,Cortical layer IV,Pde4a
D5761.(3).|.065.|.Full.ROI,4576,18267,Cyb5a,-0.544718984472896,Cortical layer IV,Cyb5a
D5761.(3).|.065.|.Full.ROI,4576,18267,Mllt11,-0.312364981501566,Cortical layer IV,Mllt11
D5761.(3).|.065.|.Full.ROI,4576,18267,Dkk3,-0.30154234845816,Cortical layer IV,Dkk3
D5761.(3).|.065.|.Full.ROI,4576,18267,Ighm,-0.752697076856568,Cortical layer IV,Ighm
D5761.(3).|.065.|.Full.ROI,4576,18267,Dnajc16,0.793155854069089,Cortical layer IV,Dnajc16
D5761.(3).|.065.|.Full.ROI,4576,18267,Tppp,0.582704051959284,Cortical layer IV,Tppp
D5761.(3).|.065.|.Full.ROI,4576,18267,Gopc,0.337611725734051,Cortical layer IV,Gopc
D5761.(3).|.065.|.Full.ROI,4576,18267,Cltc,0.213644211010307,Cortical layer IV,Cltc
D5761.(3).|.065.|.Full.ROI,4576,18267,Pfn2,-0.030781100886391,Cortical layer IV,Pfn2
D5761.(3).|.065.|.Full.ROI,4576,18267,Ap3s1,0.792504784478326,Cortical layer IV,Ap3s1
D5761.(3).|.065.|.Full.ROI,4576,18267,Pcmt1,0.694440932981138,Cortical layer IV,Pcmt1
D5761.(3).|.065.|.Full.ROI,4576,18267,Rab12,0.112615015583057,Cortical layer IV,Rab12
D5761.(3).|.065.|.Full.ROI,4576,18267,Gucy1b1,0.32351060298551,Cortical layer IV,Gucy1b1
D5761.(3).|.065.|.Full.ROI,4576,18267,Exd2,1.1575383288307,Cortical layer IV,Exd2
D5761.(3).|.065.|.Full.ROI,4576,18267,Slc12a5,0.784742682699592,Cortical layer IV,Slc12a5
D5761.(3).|.065.|.Full.ROI,4576,18267,Calm1,0.882885932299088,Cortical layer IV,Calm1
D5761.(3).|.065.|.Full.ROI,4576,18267,Gpr158,1.43945523065038,Cortical layer IV,Gpr158
D5761.(3).|.065.|.Full.ROI,4576,18267,Kcnip2,1.32540307395321,Cortical layer IV,Kcnip2
D5761.(3).|.065.|.Full.ROI,4576,18267,Tacc1,0.225600434634275,Cortical layer IV,Tacc1
D5761.(3).|.065.|.Full.ROI,4576,18267,Them6,0.0544195948787041,Cortical layer IV,Them6
D5761.(3).|.065.|.Full.ROI,4576,18267,Rtn4,0.0318820785127567,Cortical layer IV,Rtn4
D5761.(3).|.065.|.Full.ROI,4576,18267,Arhgef25,1.02292143035391,Cortical layer IV,Arhgef25
D5761.(3).|.065.|.Full.ROI,4576,18267,Stxbp5l,0.338507519981177,Cortical layer IV,Stxbp5l
D5761.(3).|.065.|.Full.ROI,4576,18267,Tbr1,0.0910767669858713,Cortical layer IV,Tbr1
D5761.(3).|.065.|.Full.ROI,4576,18267,Ppp1r1b,0.771329841522944,Cortical layer IV,Ppp1r1b
D5761.(3).|.065.|.Full.ROI,4576,18267,Nptx1,-0.513639886661374,Cortical layer IV,Nptx1
D5761.(3).|.065.|.Full.ROI,4576,18267,Tsnax,-0.704320735226312,Cortical layer IV,Tsnax
D5761.(3).|.065.|.Full.ROI,4576,18267,Dock4,-0.582008185020026,Cortical layer IV,Dock4
D5761.(3).|.065.|.Full.ROI,4576,18267,Sipa1l1,0.250342705641223,Cortical layer IV,Sipa1l1
D5761.(3).|.065.|.Full.ROI,4576,18267,Kcnh4,0.520246215376312,Cortical layer IV,Kcnh4
D5761.(3).|.065.|.Full.ROI,4576,18267,Kcnh5,1.33026640208006,Cortical layer IV,Kcnh5
D5761.(3).|.065.|.Full.ROI,4576,18267,Myo16,1.32341709855215,Cortical layer IV,Myo16
D5761.(3).|.065.|.Full.ROI,4576,18267,Cux1,0.506779728462527,Cortical layer IV,Cux1
D5761.(3).|.065.|.Full.ROI,4576,18267,Cux2,0.022935903268922,Cortical layer IV,Cux2
D5761.(3).|.065.|.Full.ROI,4576,18267,Ptn,0.936888575297752,Cortical layer IV,Ptn
D5761.(3).|.065.|.Full.ROI,4576,18267,Plxnd1,0.221269073097932,Cortical layer IV,Plxnd1
D5761.(3).|.065.|.Full.ROI,4576,18267,Nectin1,-0.413315417264543,Cortical layer IV,Nectin1
D5761.(3).|.065.|.Full.ROI,4576,18267,Rilpl1,0.490637612559615,Cortical layer IV,Rilpl1
D5761.(3).|.065.|.Full.ROI,4576,18267,Npbwr1,0.675807295243484,Cortical layer IV,Npbwr1
D5761.(3).|.065.|.Full.ROI,4576,18267,Tmem200a,-0.39677580260191,Cortical layer IV,Tmem200a
D5761.(3).|.065.|.Full.ROI,4576,18267,Ndrg2,-0.0198006661755722,Cortical layer IV,Ndrg2
D5761.(3).|.065.|.Full.ROI,4576,18267,Ivd,0.10867021049053,Cortical layer IV,Ivd
D5761.(3).|.065.|.Full.ROI,4576,18267,Lypd5,-0.858964146351207,Cortical layer IV,Lypd5
D5761.(3).|.065.|.Full.ROI,4576,18267,Cgnl1,0.0990796153752367,Cortical layer IV,Cgnl1
D5761.(3).|.065.|.Full.ROI,4576,18267,Gng7,-0.672945845140638,Cortical layer IV,Gng7
D5761.(3).|.065.|.Full.ROI,4576,18267,Lrsam1,-0.860623813655221,Cortical layer IV,Lrsam1
D5761.(3).|.065.|.Full.ROI,4576,18267,Etv1,-0.647869806330173,Cortical layer IV,Etv1
D5761.(3).|.065.|.Full.ROI,4576,18267,Fezf2,-0.894030543103636,Cortical layer IV,Fezf2
D5761.(3).|.056.|.Full.ROI,9377,21609,Cryab,0.600573192218042,Cortical layer V,Cryab
D5761.(3).|.056.|.Full.ROI,9377,21609,Pde4a,1.16407933190957,Cortical layer V,Pde4a
D5761.(3).|.056.|.Full.ROI,9377,21609,Cyb5a,1.10062248317232,Cortical layer V,Cyb5a
D5761.(3).|.056.|.Full.ROI,9377,21609,Mllt11,1.37025680467934,Cortical layer V,Mllt11
D5761.(3).|.056.|.Full.ROI,9377,21609,Dkk3,0.328008589784357,Cortical layer V,Dkk3
D5761.(3).|.056.|.Full.ROI,9377,21609,Ighm,0.538497587008637,Cortical layer V,Ighm
D5761.(3).|.056.|.Full.ROI,9377,21609,Dnajc16,0.446277365405998,Cortical layer V,Dnajc16
D5761.(3).|.056.|.Full.ROI,9377,21609,Tppp,-0.160399676174518,Cortical layer V,Tppp
D5761.(3).|.056.|.Full.ROI,9377,21609,Gopc,0.433423894409779,Cortical layer V,Gopc
D5761.(3).|.056.|.Full.ROI,9377,21609,Cltc,0.782878626909593,Cortical layer V,Cltc
D5761.(3).|.056.|.Full.ROI,9377,21609,Pfn2,0.249975319417494,Cortical layer V,Pfn2
D5761.(3).|.056.|.Full.ROI,9377,21609,Ap3s1,0.204779425430994,Cortical layer V,Ap3s1
D5761.(3).|.056.|.Full.ROI,9377,21609,Pcmt1,-0.226346277642907,Cortical layer V,Pcmt1
D5761.(3).|.056.|.Full.ROI,9377,21609,Rab12,-0.416591037324783,Cortical layer V,Rab12
D5761.(3).|.056.|.Full.ROI,9377,21609,Gucy1b1,-0.412158582167819,Cortical layer V,Gucy1b1
D5761.(3).|.056.|.Full.ROI,9377,21609,Exd2,-0.539952082333168,Cortical layer V,Exd2
D5761.(3).|.056.|.Full.ROI,9377,21609,Slc12a5,-0.201728314794899,Cortical layer V,Slc12a5
D5761.(3).|.056.|.Full.ROI,9377,21609,Calm1,-0.151830299695308,Cortical layer V,Calm1
D5761.(3).|.056.|.Full.ROI,9377,21609,Gpr158,-0.154410241445703,Cortical layer V,Gpr158
D5761.(3).|.056.|.Full.ROI,9377,21609,Kcnip2,-0.687382936186805,Cortical layer V,Kcnip2
D5761.(3).|.056.|.Full.ROI,9377,21609,Tacc1,-0.780390239775288,Cortical layer V,Tacc1
D5761.(3).|.056.|.Full.ROI,9377,21609,Them6,0.494194842389317,Cortical layer V,Them6
D5761.(3).|.056.|.Full.ROI,9377,21609,Rtn4,-0.112630763038586,Cortical layer V,Rtn4
D5761.(3).|.056.|.Full.ROI,9377,21609,Arhgef25,0.501951951337073,Cortical layer V,Arhgef25
D5761.(3).|.056.|.Full.ROI,9377,21609,Stxbp5l,-0.132332799521931,Cortical layer V,Stxbp5l
D5761.(3).|.056.|.Full.ROI,9377,21609,Tbr1,-0.272787880168421,Cortical layer V,Tbr1
D5761.(3).|.056.|.Full.ROI,9377,21609,Ppp1r1b,-1.06428951531049,Cortical layer V,Ppp1r1b
D5761.(3).|.056.|.Full.ROI,9377,21609,Nptx1,-0.449359577254017,Cortical layer V,Nptx1
D5761.(3).|.056.|.Full.ROI,9377,21609,Tsnax,0.195542665997642,Cortical layer V,Tsnax
D5761.(3).|.056.|.Full.ROI,9377,21609,Dock4,-0.388702920547216,Cortical layer V,Dock4
D5761.(3).|.056.|.Full.ROI,9377,21609,Sipa1l1,-1.20475427167319,Cortical layer V,Sipa1l1
D5761.(3).|.056.|.Full.ROI,9377,21609,Kcnh4,-1.07784692408797,Cortical layer V,Kcnh4
D5761.(3).|.056.|.Full.ROI,9377,21609,Kcnh5,-0.339267200456625,Cortical layer V,Kcnh5
D5761.(3).|.056.|.Full.ROI,9377,21609,Myo16,0.0834807698235886,Cortical layer V,Myo16
D5761.(3).|.056.|.Full.ROI,9377,21609,Cux1,-1.07054723863415,Cortical layer V,Cux1
D5761.(3).|.056.|.Full.ROI,9377,21609,Cux2,-1.15162287219779,Cortical layer V,Cux2
D5761.(3).|.056.|.Full.ROI,9377,21609,Ptn,-0.833108617357867,Cortical layer V,Ptn
D5761.(3).|.056.|.Full.ROI,9377,21609,Plxnd1,-0.673866869468232,Cortical layer V,Plxnd1
D5761.(3).|.056.|.Full.ROI,9377,21609,Nectin1,-0.135674248937804,Cortical layer V,Nectin1
D5761.(3).|.056.|.Full.ROI,9377,21609,Rilpl1,-0.49792319072005,Cortical layer V,Rilpl1
D5761.(3).|.056.|.Full.ROI,9377,21609,Npbwr1,-0.4391569281699,Cortical layer V,Npbwr1
D5761.(3).|.056.|.Full.ROI,9377,21609,Tmem200a,1.77712419250395,Cortical layer V,Tmem200a
D5761.(3).|.056.|.Full.ROI,9377,21609,Ndrg2,0.380183534556803,Cortical layer V,Ndrg2
D5761.(3).|.056.|.Full.ROI,9377,21609,Ivd,-1.15925878618257,Cortical layer V,Ivd
D5761.(3).|.056.|.Full.ROI,9377,21609,Lypd5,0.140520402297075,Cortical layer V,Lypd5
D5761.(3).|.056.|.Full.ROI,9377,21609,Cgnl1,-0.159055464971408,Cortical layer V,Cgnl1
D5761.(3).|.056.|.Full.ROI,9377,21609,Gng7,0.395306844374199,Cortical layer V,Gng7
D5761.(3).|.056.|.Full.ROI,9377,21609,Lrsam1,1.23939298235297,Cortical layer V,Lrsam1
D5761.(3).|.056.|.Full.ROI,9377,21609,Etv1,1.90969499668737,Cortical layer V,Etv1
D5761.(3).|.056.|.Full.ROI,9377,21609,Fezf2,1.82720154670525,Cortical layer V,Fezf2
D5761.(3).|.046.|.Full.ROI,6909,20242,Cryab,0.0852667958809752,Cortical layer V,Cryab
D5761.(3).|.046.|.Full.ROI,6909,20242,Pde4a,1.28640349152405,Cortical layer V,Pde4a
D5761.(3).|.046.|.Full.ROI,6909,20242,Cyb5a,1.50093475844567,Cortical layer V,Cyb5a
D5761.(3).|.046.|.Full.ROI,6909,20242,Mllt11,0.428087003352892,Cortical layer V,Mllt11
D5761.(3).|.046.|.Full.ROI,6909,20242,Dkk3,0.01630761090597,Cortical layer V,Dkk3
D5761.(3).|.046.|.Full.ROI,6909,20242,Ighm,0.137653848843247,Cortical layer V,Ighm
D5761.(3).|.046.|.Full.ROI,6909,20242,Dnajc16,0.341162671871728,Cortical layer V,Dnajc16
D5761.(3).|.046.|.Full.ROI,6909,20242,Tppp,-0.645926445194974,Cortical layer V,Tppp
D5761.(3).|.046.|.Full.ROI,6909,20242,Gopc,-0.383374843550789,Cortical layer V,Gopc
D5761.(3).|.046.|.Full.ROI,6909,20242,Cltc,0.731576152122429,Cortical layer V,Cltc
D5761.(3).|.046.|.Full.ROI,6909,20242,Pfn2,0.35294222172943,Cortical layer V,Pfn2
D5761.(3).|.046.|.Full.ROI,6909,20242,Ap3s1,0.259835665154395,Cortical layer V,Ap3s1
D5761.(3).|.046.|.Full.ROI,6909,20242,Pcmt1,0.829492187187834,Cortical layer V,Pcmt1
D5761.(3).|.046.|.Full.ROI,6909,20242,Rab12,0.688712744065003,Cortical layer V,Rab12
D5761.(3).|.046.|.Full.ROI,6909,20242,Gucy1b1,-0.661237847359336,Cortical layer V,Gucy1b1
D5761.(3).|.046.|.Full.ROI,6909,20242,Exd2,-0.672984246217484,Cortical layer V,Exd2
D5761.(3).|.046.|.Full.ROI,6909,20242,Slc12a5,-0.441710995439741,Cortical layer V,Slc12a5
D5761.(3).|.046.|.Full.ROI,6909,20242,Calm1,-0.165988138016363,Cortical layer V,Calm1
D5761.(3).|.046.|.Full.ROI,6909,20242,Gpr158,-0.210436616157219,Cortical layer V,Gpr158
D5761.(3).|.046.|.Full.ROI,6909,20242,Kcnip2,-0.409600806466653,Cortical layer V,Kcnip2
D5761.(3).|.046.|.Full.ROI,6909,20242,Tacc1,-0.695537597160543,Cortical layer V,Tacc1
D5761.(3).|.046.|.Full.ROI,6909,20242,Them6,-0.52406113681511,Cortical layer V,Them6
D5761.(3).|.046.|.Full.ROI,6909,20242,Rtn4,-0.5815709709977,Cortical layer V,Rtn4
D5761.(3).|.046.|.Full.ROI,6909,20242,Arhgef25,-0.668608713478751,Cortical layer V,Arhgef25
D5761.(3).|.046.|.Full.ROI,6909,20242,Stxbp5l,-0.723510656040904,Cortical layer V,Stxbp5l
D5761.(3).|.046.|.Full.ROI,6909,20242,Tbr1,-0.283902166853115,Cortical layer V,Tbr1
D5761.(3).|.046.|.Full.ROI,6909,20242,Ppp1r1b,-1.22309756183686,Cortical layer V,Ppp1r1b
D5761.(3).|.046.|.Full.ROI,6909,20242,Nptx1,-0.676970309200977,Cortical layer V,Nptx1
D5761.(3).|.046.|.Full.ROI,6909,20242,Tsnax,-0.220644157068436,Cortical layer V,Tsnax
D5761.(3).|.046.|.Full.ROI,6909,20242,Dock4,-0.363268017327111,Cortical layer V,Dock4
D5761.(3).|.046.|.Full.ROI,6909,20242,Sipa1l1,-1.10795160161376,Cortical layer V,Sipa1l1
D5761.(3).|.046.|.Full.ROI,6909,20242,Kcnh4,-0.911378888727112,Cortical layer V,Kcnh4
D5761.(3).|.046.|.Full.ROI,6909,20242,Kcnh5,-0.0278700457069109,Cortical layer V,Kcnh5
D5761.(3).|.046.|.Full.ROI,6909,20242,Myo16,-0.385837802876743,Cortical layer V,Myo16
D5761.(3).|.046.|.Full.ROI,6909,20242,Cux1,-0.719376737026035,Cortical layer V,Cux1
D5761.(3).|.046.|.Full.ROI,6909,20242,Cux2,-0.840669517136146,Cortical layer V,Cux2
D5761.(3).|.046.|.Full.ROI,6909,20242,Ptn,-0.0946272614858443,Cortical layer V,Ptn
D5761.(3).|.046.|.Full.ROI,6909,20242,Plxnd1,0.907774480078088,Cortical layer V,Plxnd1
D5761.(3).|.046.|.Full.ROI,6909,20242,Nectin1,0.787211198852189,Cortical layer V,Nectin1
D5761.(3).|.046.|.Full.ROI,6909,20242,Rilpl1,-0.383794634505983,Cortical layer V,Rilpl1
D5761.(3).|.046.|.Full.ROI,6909,20242,Npbwr1,-0.0156849394696244,Cortical layer V,Npbwr1
D5761.(3).|.046.|.Full.ROI,6909,20242,Tmem200a,0.0432342905497466,Cortical layer V,Tmem200a
D5761.(3).|.046.|.Full.ROI,6909,20242,Ndrg2,0.546592245520122,Cortical layer V,Ndrg2
D5761.(3).|.046.|.Full.ROI,6909,20242,Ivd,-0.503160863963947,Cortical layer V,Ivd
D5761.(3).|.046.|.Full.ROI,6909,20242,Lypd5,0.37261414630137,Cortical layer V,Lypd5
D5761.(3).|.046.|.Full.ROI,6909,20242,Cgnl1,-0.143391928542606,Cortical layer V,Cgnl1
D5761.(3).|.046.|.Full.ROI,6909,20242,Gng7,0.714546883335895,Cortical layer V,Gng7
D5761.(3).|.046.|.Full.ROI,6909,20242,Lrsam1,1.28560814071582,Cortical layer V,Lrsam1
D5761.(3).|.046.|.Full.ROI,6909,20242,Etv1,1.86403455047617,Cortical layer V,Etv1
D5761.(3).|.046.|.Full.ROI,6909,20242,Fezf2,1.68819296018048,Cortical layer V,Fezf2
D5761.(3).|.066.|.Full.ROI,5068,18013,Cryab,-0.424540318241468,Cortical layer V,Cryab
D5761.(3).|.066.|.Full.ROI,5068,18013,Pde4a,0.831003178119329,Cortical layer V,Pde4a
D5761.(3).|.066.|.Full.ROI,5068,18013,Cyb5a,1.2686696152211,Cortical layer V,Cyb5a
D5761.(3).|.066.|.Full.ROI,5068,18013,Mllt11,0.840259783099468,Cortical layer V,Mllt11
D5761.(3).|.066.|.Full.ROI,5068,18013,Dkk3,0.496913820441908,Cortical layer V,Dkk3
D5761.(3).|.066.|.Full.ROI,5068,18013,Ighm,-0.582656581762704,Cortical layer V,Ighm
D5761.(3).|.066.|.Full.ROI,5068,18013,Dnajc16,0.341162671871728,Cortical layer V,Dnajc16
D5761.(3).|.066.|.Full.ROI,5068,18013,Tppp,0.666499184479285,Cortical layer V,Tppp
D5761.(3).|.066.|.Full.ROI,5068,18013,Gopc,0.650157627690043,Cortical layer V,Gopc
D5761.(3).|.066.|.Full.ROI,5068,18013,Cltc,0.708424660501839,Cortical layer V,Cltc
D5761.(3).|.066.|.Full.ROI,5068,18013,Pfn2,0.363120559199348,Cortical layer V,Pfn2
D5761.(3).|.066.|.Full.ROI,5068,18013,Ap3s1,0.300653222190716,Cortical layer V,Ap3s1
D5761.(3).|.066.|.Full.ROI,5068,18013,Pcmt1,0.30216223922051,Cortical layer V,Pcmt1
D5761.(3).|.066.|.Full.ROI,5068,18013,Rab12,0.539721952216229,Cortical layer V,Rab12
D5761.(3).|.066.|.Full.ROI,5068,18013,Gucy1b1,0.187683230524154,Cortical layer V,Gucy1b1
D5761.(3).|.066.|.Full.ROI,5068,18013,Exd2,-0.580932105230866,Cortical layer V,Exd2
D5761.(3).|.066.|.Full.ROI,5068,18013,Slc12a5,-0.0258232235527187,Cortical layer V,Slc12a5
D5761.(3).|.066.|.Full.ROI,5068,18013,Calm1,-0.201144515101931,Cortical layer V,Calm1
D5761.(3).|.066.|.Full.ROI,5068,18013,Gpr158,-0.202884471603628,Cortical layer V,Gpr158
D5761.(3).|.066.|.Full.ROI,5068,18013,Kcnip2,-0.514162931112017,Cortical layer V,Kcnip2
D5761.(3).|.066.|.Full.ROI,5068,18013,Tacc1,0.469807203475535,Cortical layer V,Tacc1
D5761.(3).|.066.|.Full.ROI,5068,18013,Them6,-0.300510318978617,Cortical layer V,Them6
D5761.(3).|.066.|.Full.ROI,5068,18013,Rtn4,-0.556108360385835,Cortical layer V,Rtn4
D5761.(3).|.066.|.Full.ROI,5068,18013,Arhgef25,0.453179648729786,Cortical layer V,Arhgef25
D5761.(3).|.066.|.Full.ROI,5068,18013,Stxbp5l,-0.291067451571162,Cortical layer V,Stxbp5l
D5761.(3).|.066.|.Full.ROI,5068,18013,Tbr1,-0.411937570226129,Cortical layer V,Tbr1
D5761.(3).|.066.|.Full.ROI,5068,18013,Ppp1r1b,-1.17450768881648,Cortical layer V,Ppp1r1b
D5761.(3).|.066.|.Full.ROI,5068,18013,Nptx1,-0.588156684212599,Cortical layer V,Nptx1
D5761.(3).|.066.|.Full.ROI,5068,18013,Tsnax,-0.250665461919615,Cortical layer V,Tsnax
D5761.(3).|.066.|.Full.ROI,5068,18013,Dock4,-0.426124387353811,Cortical layer V,Dock4
D5761.(3).|.066.|.Full.ROI,5068,18013,Sipa1l1,-1.20066559265401,Cortical layer V,Sipa1l1
D5761.(3).|.066.|.Full.ROI,5068,18013,Kcnh4,-1.07593349839417,Cortical layer V,Kcnh4
D5761.(3).|.066.|.Full.ROI,5068,18013,Kcnh5,-0.225752966705497,Cortical layer V,Kcnh5
D5761.(3).|.066.|.Full.ROI,5068,18013,Myo16,-0.744924967042476,Cortical layer V,Myo16
D5761.(3).|.066.|.Full.ROI,5068,18013,Cux1,-0.810684510854849,Cortical layer V,Cux1
D5761.(3).|.066.|.Full.ROI,5068,18013,Cux2,-0.699987064585022,Cortical layer V,Cux2
D5761.(3).|.066.|.Full.ROI,5068,18013,Ptn,0.115495089726512,Cortical layer V,Ptn
D5761.(3).|.066.|.Full.ROI,5068,18013,Plxnd1,1.08632205816469,Cortical layer V,Plxnd1
D5761.(3).|.066.|.Full.ROI,5068,18013,Nectin1,0.131751264765467,Cortical layer V,Nectin1
D5761.(3).|.066.|.Full.ROI,5068,18013,Rilpl1,-0.386871454516769,Cortical layer V,Rilpl1
D5761.(3).|.066.|.Full.ROI,5068,18013,Npbwr1,-0.595902561700163,Cortical layer V,Npbwr1
D5761.(3).|.066.|.Full.ROI,5068,18013,Tmem200a,-0.302367506753277,Cortical layer V,Tmem200a
D5761.(3).|.066.|.Full.ROI,5068,18013,Ndrg2,0.0955949941699063,Cortical layer V,Ndrg2
D5761.(3).|.066.|.Full.ROI,5068,18013,Ivd,0.750975629649637,Cortical layer V,Ivd
D5761.(3).|.066.|.Full.ROI,5068,18013,Lypd5,0.189561486870251,Cortical layer V,Lypd5
D5761.(3).|.066.|.Full.ROI,5068,18013,Cgnl1,0.13995604423495,Cortical layer V,Cgnl1
D5761.(3).|.066.|.Full.ROI,5068,18013,Gng7,-0.318692382550884,Cortical layer V,Gng7
D5761.(3).|.066.|.Full.ROI,5068,18013,Lrsam1,1.13485110688389,Cortical layer V,Lrsam1
D5761.(3).|.066.|.Full.ROI,5068,18013,Etv1,1.73615031223712,Cortical layer V,Etv1
D5761.(3).|.066.|.Full.ROI,5068,18013,Fezf2,1.05335512572046,Cortical layer V,Fezf2
D5761.(3).|.057.|.Full.ROI,9640,21043,Cryab,1.46837513107444,Cortical layer VI,Cryab
D5761.(3).|.057.|.Full.ROI,9640,21043,Pde4a,0.867986977619735,Cortical layer VI,Pde4a
D5761.(3).|.057.|.Full.ROI,9640,21043,Cyb5a,1.0661442416581,Cortical layer VI,Cyb5a
D5761.(3).|.057.|.Full.ROI,9640,21043,Mllt11,0.981159302244186,Cortical layer VI,Mllt11
D5761.(3).|.057.|.Full.ROI,9640,21043,Dkk3,1.71405233696596,Cortical layer VI,Dkk3
D5761.(3).|.057.|.Full.ROI,9640,21043,Ighm,2.06511684184175,Cortical layer VI,Ighm
D5761.(3).|.057.|.Full.ROI,9640,21043,Dnajc16,1.50343085466495,Cortical layer VI,Dnajc16
D5761.(3).|.057.|.Full.ROI,9640,21043,Tppp,0.61897358693063,Cortical layer VI,Tppp
D5761.(3).|.057.|.Full.ROI,9640,21043,Gopc,0.73783284174523,Cortical layer VI,Gopc
D5761.(3).|.057.|.Full.ROI,9640,21043,Cltc,0.136913553067772,Cortical layer VI,Cltc
D5761.(3).|.057.|.Full.ROI,9640,21043,Pfn2,0.496311375234245,Cortical layer VI,Pfn2
D5761.(3).|.057.|.Full.ROI,9640,21043,Ap3s1,0.395116711331904,Cortical layer VI,Ap3s1
D5761.(3).|.057.|.Full.ROI,9640,21043,Pcmt1,-0.0591223678024492,Cortical layer VI,Pcmt1
D5761.(3).|.057.|.Full.ROI,9640,21043,Rab12,0.153764853331771,Cortical layer VI,Rab12
D5761.(3).|.057.|.Full.ROI,9640,21043,Gucy1b1,-0.830922042779581,Cortical layer VI,Gucy1b1
D5761.(3).|.057.|.Full.ROI,9640,21043,Exd2,-0.422376988919222,Cortical layer VI,Exd2
D5761.(3).|.057.|.Full.ROI,9640,21043,Slc12a5,-1.04038130617586,Cortical layer VI,Slc12a5
D5761.(3).|.057.|.Full.ROI,9640,21043,Calm1,-0.542576890135618,Cortical layer VI,Calm1
D5761.(3).|.057.|.Full.ROI,9640,21043,Gpr158,-0.642203509063884,Cortical layer VI,Gpr158
D5761.(3).|.057.|.Full.ROI,9640,21043,Kcnip2,-0.600202622248774,Cortical layer VI,Kcnip2
D5761.(3).|.057.|.Full.ROI,9640,21043,Tacc1,0.280287664722278,Cortical layer VI,Tacc1
D5761.(3).|.057.|.Full.ROI,9640,21043,Them6,0.795330876851076,Cortical layer VI,Them6
D5761.(3).|.057.|.Full.ROI,9640,21043,Rtn4,0.487914636482173,Cortical layer VI,Rtn4
D5761.(3).|.057.|.Full.ROI,9640,21043,Arhgef25,-0.0920946944196793,Cortical layer VI,Arhgef25
D5761.(3).|.057.|.Full.ROI,9640,21043,Stxbp5l,2.04290143165188,Cortical layer VI,Stxbp5l
D5761.(3).|.057.|.Full.ROI,9640,21043,Tbr1,1.45234482932573,Cortical layer VI,Tbr1
D5761.(3).|.057.|.Full.ROI,9640,21043,Ppp1r1b,0.73106966102034,Cortical layer VI,Ppp1r1b
D5761.(3).|.057.|.Full.ROI,9640,21043,Nptx1,1.77083222112331,Cortical layer VI,Nptx1
D5761.(3).|.057.|.Full.ROI,9640,21043,Tsnax,-0.48321144235414,Cortical layer VI,Tsnax
D5761.(3).|.057.|.Full.ROI,9640,21043,Dock4,-0.144527849634194,Cortical layer VI,Dock4
D5761.(3).|.057.|.Full.ROI,9640,21043,Sipa1l1,-0.849039197005033,Cortical layer VI,Sipa1l1
D5761.(3).|.057.|.Full.ROI,9640,21043,Kcnh4,-1.11589676074189,Cortical layer VI,Kcnh4
D5761.(3).|.057.|.Full.ROI,9640,21043,Kcnh5,-0.913254772232017,Cortical layer VI,Kcnh5
D5761.(3).|.057.|.Full.ROI,9640,21043,Myo16,-0.909079099232527,Cortical layer VI,Myo16
D5761.(3).|.057.|.Full.ROI,9640,21043,Cux1,-1.17807784946283,Cortical layer VI,Cux1
D5761.(3).|.057.|.Full.ROI,9640,21043,Cux2,-1.58345526296238,Cortical layer VI,Cux2
D5761.(3).|.057.|.Full.ROI,9640,21043,Ptn,-1.61919819713711,Cortical layer VI,Ptn
D5761.(3).|.057.|.Full.ROI,9640,21043,Plxnd1,-1.52740813790237,Cortical layer VI,Plxnd1
D5761.(3).|.057.|.Full.ROI,9640,21043,Nectin1,-1.33753035189409,Cortical layer VI,Nectin1
D5761.(3).|.057.|.Full.ROI,9640,21043,Rilpl1,-1.03388274821364,Cortical layer VI,Rilpl1
D5761.(3).|.057.|.Full.ROI,9640,21043,Npbwr1,-0.904746384100763,Cortical layer VI,Npbwr1
D5761.(3).|.057.|.Full.ROI,9640,21043,Tmem200a,-1.34663886083406,Cortical layer VI,Tmem200a
D5761.(3).|.057.|.Full.ROI,9640,21043,Ndrg2,-0.937641306066306,Cortical layer VI,Ndrg2
D5761.(3).|.057.|.Full.ROI,9640,21043,Ivd,0.166939836629053,Cortical layer VI,Ivd
D5761.(3).|.057.|.Full.ROI,9640,21043,Lypd5,-0.446415752753299,Cortical layer VI,Lypd5
D5761.(3).|.057.|.Full.ROI,9640,21043,Cgnl1,-0.439746037775525,Cortical layer VI,Cgnl1
D5761.(3).|.057.|.Full.ROI,9640,21043,Gng7,-0.656076632636364,Cortical layer VI,Gng7
D5761.(3).|.057.|.Full.ROI,9640,21043,Lrsam1,-1.04231540767605,Cortical layer VI,Lrsam1
D5761.(3).|.057.|.Full.ROI,9640,21043,Etv1,-0.423481327806529,Cortical layer VI,Etv1
D5761.(3).|.057.|.Full.ROI,9640,21043,Fezf2,0.27411818457251,Cortical layer VI,Fezf2
D5761.(3).|.047.|.Full.ROI,7451,19774,Cryab,1.68935410516645,Cortical layer VI,Cryab
D5761.(3).|.047.|.Full.ROI,7451,19774,Pde4a,1.03713152300511,Cortical layer VI,Pde4a
D5761.(3).|.047.|.Full.ROI,7451,19774,Cyb5a,0.736685489411055,Cortical layer VI,Cyb5a
D5761.(3).|.047.|.Full.ROI,7451,19774,Mllt11,0.889820100484363,Cortical layer VI,Mllt11
D5761.(3).|.047.|.Full.ROI,7451,19774,Dkk3,1.37829848187139,Cortical layer VI,Dkk3
D5761.(3).|.047.|.Full.ROI,7451,19774,Ighm,1.98394524747595,Cortical layer VI,Ighm
D5761.(3).|.047.|.Full.ROI,7451,19774,Dnajc16,-0.66326662190019,Cortical layer VI,Dnajc16
D5761.(3).|.047.|.Full.ROI,7451,19774,Tppp,0.927552487639203,Cortical layer VI,Tppp
D5761.(3).|.047.|.Full.ROI,7451,19774,Gopc,0.769222733197086,Cortical layer VI,Gopc
D5761.(3).|.047.|.Full.ROI,7451,19774,Cltc,0.273323611632279,Cortical layer VI,Cltc
D5761.(3).|.047.|.Full.ROI,7451,19774,Pfn2,1.03230585761825,Cortical layer VI,Pfn2
D5761.(3).|.047.|.Full.ROI,7451,19774,Ap3s1,0.259835665154397,Cortical layer VI,Ap3s1
D5761.(3).|.047.|.Full.ROI,7451,19774,Pcmt1,0.146670019560136,Cortical layer VI,Pcmt1
D5761.(3).|.047.|.Full.ROI,7451,19774,Rab12,0.208631303663381,Cortical layer VI,Rab12
D5761.(3).|.047.|.Full.ROI,7451,19774,Gucy1b1,-0.655597821870533,Cortical layer VI,Gucy1b1
D5761.(3).|.047.|.Full.ROI,7451,19774,Exd2,0.0957868087796057,Cortical layer VI,Exd2
D5761.(3).|.047.|.Full.ROI,7451,19774,Slc12a5,-0.302615280252501,Cortical layer VI,Slc12a5
D5761.(3).|.047.|.Full.ROI,7451,19774,Calm1,-0.349590581005314,Cortical layer VI,Calm1
D5761.(3).|.047.|.Full.ROI,7451,19774,Gpr158,-0.6959715816105,Cortical layer VI,Gpr158
D5761.(3).|.047.|.Full.ROI,7451,19774,Kcnip2,-0.584130795885064,Cortical layer VI,Kcnip2
D5761.(3).|.047.|.Full.ROI,7451,19774,Tacc1,0.328898535911616,Cortical layer VI,Tacc1
D5761.(3).|.047.|.Full.ROI,7451,19774,Them6,0.177271551034805,Cortical layer VI,Them6
D5761.(3).|.047.|.Full.ROI,7451,19774,Rtn4,0.52830660682031,Cortical layer VI,Rtn4
D5761.(3).|.047.|.Full.ROI,7451,19774,Arhgef25,0.023751136725629,Cortical layer VI,Arhgef25
D5761.(3).|.047.|.Full.ROI,7451,19774,Stxbp5l,0.791864823085507,Cortical layer VI,Stxbp5l
D5761.(3).|.047.|.Full.ROI,7451,19774,Tbr1,1.46728329914564,Cortical layer VI,Tbr1
D5761.(3).|.047.|.Full.ROI,7451,19774,Ppp1r1b,0.392471219870228,Cortical layer VI,Ppp1r1b
D5761.(3).|.047.|.Full.ROI,7451,19774,Nptx1,1.51811877613896,Cortical layer VI,Nptx1
D5761.(3).|.047.|.Full.ROI,7451,19774,Tsnax,0.00814254180624114,Cortical layer VI,Tsnax
D5761.(3).|.047.|.Full.ROI,7451,19774,Dock4,-1.09818868655992,Cortical layer VI,Dock4
D5761.(3).|.047.|.Full.ROI,7451,19774,Sipa1l1,-0.151018941356617,Cortical layer VI,Sipa1l1
D5761.(3).|.047.|.Full.ROI,7451,19774,Kcnh4,-0.343273688686071,Cortical layer VI,Kcnh4
D5761.(3).|.047.|.Full.ROI,7451,19774,Kcnh5,-0.902324096595905,Cortical layer VI,Kcnh5
D5761.(3).|.047.|.Full.ROI,7451,19774,Myo16,-1.05499388340146,Cortical layer VI,Myo16
D5761.(3).|.047.|.Full.ROI,7451,19774,Cux1,-0.921199168038759,Cortical layer VI,Cux1
D5761.(3).|.047.|.Full.ROI,7451,19774,Cux2,-1.18715160424995,Cortical layer VI,Cux2
D5761.(3).|.047.|.Full.ROI,7451,19774,Ptn,-1.46468902867839,Cortical layer VI,Ptn
D5761.(3).|.047.|.Full.ROI,7451,19774,Plxnd1,-1.46830624652931,Cortical layer VI,Plxnd1
D5761.(3).|.047.|.Full.ROI,7451,19774,Nectin1,-1.4730395290219,Cortical layer VI,Nectin1
D5761.(3).|.047.|.Full.ROI,7451,19774,Rilpl1,-1.05654377178515,Cortical layer VI,Rilpl1
D5761.(3).|.047.|.Full.ROI,7451,19774,Npbwr1,0.734346320404383,Cortical layer VI,Npbwr1
D5761.(3).|.047.|.Full.ROI,7451,19774,Tmem200a,-0.402984057884472,Cortical layer VI,Tmem200a
D5761.(3).|.047.|.Full.ROI,7451,19774,Ndrg2,-0.655439966808739,Cortical layer VI,Ndrg2
D5761.(3).|.047.|.Full.ROI,7451,19774,Ivd,-0.627253586295982,Cortical layer VI,Ivd
D5761.(3).|.047.|.Full.ROI,7451,19774,Lypd5,-0.554271541929223,Cortical layer VI,Lypd5
D5761.(3).|.047.|.Full.ROI,7451,19774,Cgnl1,-0.248163583321921,Cortical layer VI,Cgnl1
D5761.(3).|.047.|.Full.ROI,7451,19774,Gng7,-0.581102354839591,Cortical layer VI,Gng7
D5761.(3).|.047.|.Full.ROI,7451,19774,Lrsam1,-0.739496084308002,Cortical layer VI,Lrsam1
D5761.(3).|.047.|.Full.ROI,7451,19774,Etv1,-0.49313277793027,Cortical layer VI,Etv1
D5761.(3).|.047.|.Full.ROI,7451,19774,Fezf2,0.189106711213363,Cortical layer VI,Fezf2
D5761.(3).|.067.|.Full.ROI,5789,17625,Cryab,1.3473933755813,Cortical layer VI,Cryab
D5761.(3).|.067.|.Full.ROI,5789,17625,Pde4a,0.750923364795422,Cortical layer VI,Pde4a
D5761.(3).|.067.|.Full.ROI,5789,17625,Cyb5a,0.438124344065996,Cortical layer VI,Cyb5a
D5761.(3).|.067.|.Full.ROI,5789,17625,Mllt11,0.899020261821978,Cortical layer VI,Mllt11
D5761.(3).|.067.|.Full.ROI,5789,17625,Dkk3,1.78627219853978,Cortical layer VI,Dkk3
D5761.(3).|.067.|.Full.ROI,5789,17625,Ighm,0.858503474322022,Cortical layer VI,Ighm
D5761.(3).|.067.|.Full.ROI,5789,17625,Dnajc16,0.526913294692563,Cortical layer VI,Dnajc16
D5761.(3).|.067.|.Full.ROI,5789,17625,Tppp,0.795849675284031,Cortical layer VI,Tppp
D5761.(3).|.067.|.Full.ROI,5789,17625,Gopc,0.68752301571965,Cortical layer VI,Gopc
D5761.(3).|.067.|.Full.ROI,5789,17625,Cltc,0.580479822269835,Cortical layer VI,Cltc
D5761.(3).|.067.|.Full.ROI,5789,17625,Pfn2,0.979676837171499,Cortical layer VI,Pfn2
D5761.(3).|.067.|.Full.ROI,5789,17625,Ap3s1,1.55705117644555,Cortical layer VI,Ap3s1
D5761.(3).|.067.|.Full.ROI,5789,17625,Pcmt1,0.300060799826366,Cortical layer VI,Pcmt1
D5761.(3).|.067.|.Full.ROI,5789,17625,Rab12,1.06357085506354,Cortical layer VI,Rab12
D5761.(3).|.067.|.Full.ROI,5789,17625,Gucy1b1,-0.39352978819907,Cortical layer VI,Gucy1b1
D5761.(3).|.067.|.Full.ROI,5789,17625,Exd2,0.0845093992790557,Cortical layer VI,Exd2
D5761.(3).|.067.|.Full.ROI,5789,17625,Slc12a5,-0.701843226556079,Cortical layer VI,Slc12a5
D5761.(3).|.067.|.Full.ROI,5789,17625,Calm1,-0.0356701315790452,Cortical layer VI,Calm1
D5761.(3).|.067.|.Full.ROI,5789,17625,Gpr158,-0.807469852030739,Cortical layer VI,Gpr158
D5761.(3).|.067.|.Full.ROI,5789,17625,Kcnip2,-0.568169050523845,Cortical layer VI,Kcnip2
D5761.(3).|.067.|.Full.ROI,5789,17625,Tacc1,0.262308301405673,Cortical layer VI,Tacc1
D5761.(3).|.067.|.Full.ROI,5789,17625,Them6,-0.506299564987004,Cortical layer VI,Them6
D5761.(3).|.067.|.Full.ROI,5789,17625,Rtn4,0.384049569898391,Cortical layer VI,Rtn4
D5761.(3).|.067.|.Full.ROI,5789,17625,Arhgef25,-0.061546307439582,Cortical layer VI,Arhgef25
D5761.(3).|.067.|.Full.ROI,5789,17625,Stxbp5l,1.24978164128955,Cortical layer VI,Stxbp5l
D5761.(3).|.067.|.Full.ROI,5789,17625,Tbr1,1.63329471889094,Cortical layer VI,Tbr1
D5761.(3).|.067.|.Full.ROI,5789,17625,Ppp1r1b,0.281038054306293,Cortical layer VI,Ppp1r1b
D5761.(3).|.067.|.Full.ROI,5789,17625,Nptx1,1.63220174476514,Cortical layer VI,Nptx1
D5761.(3).|.067.|.Full.ROI,5789,17625,Tsnax,-0.534702647543549,Cortical layer VI,Tsnax
D5761.(3).|.067.|.Full.ROI,5789,17625,Dock4,-1.08740784188128,Cortical layer VI,Dock4
D5761.(3).|.067.|.Full.ROI,5789,17625,Sipa1l1,-0.560934350570042,Cortical layer VI,Sipa1l1
D5761.(3).|.067.|.Full.ROI,5789,17625,Kcnh4,-1.20554843066617,Cortical layer VI,Kcnh4
D5761.(3).|.067.|.Full.ROI,5789,17625,Kcnh5,-0.897832038115311,Cortical layer VI,Kcnh5
D5761.(3).|.067.|.Full.ROI,5789,17625,Myo16,-0.981037074987069,Cortical layer VI,Myo16
D5761.(3).|.067.|.Full.ROI,5789,17625,Cux1,-0.385730942221968,Cortical layer VI,Cux1
D5761.(3).|.067.|.Full.ROI,5789,17625,Cux2,-0.17287448964295,Cortical layer VI,Cux2
D5761.(3).|.067.|.Full.ROI,5789,17625,Ptn,-1.4241893915297,Cortical layer VI,Ptn
D5761.(3).|.067.|.Full.ROI,5789,17625,Plxnd1,-1.37074764501625,Cortical layer VI,Plxnd1
D5761.(3).|.067.|.Full.ROI,5789,17625,Nectin1,-1.3918268372501,Cortical layer VI,Nectin1
D5761.(3).|.067.|.Full.ROI,5789,17625,Rilpl1,-1.08417159504357,Cortical layer VI,Rilpl1
D5761.(3).|.067.|.Full.ROI,5789,17625,Npbwr1,0.625287314625176,Cortical layer VI,Npbwr1
D5761.(3).|.067.|.Full.ROI,5789,17625,Tmem200a,-1.20580501497208,Cortical layer VI,Tmem200a
D5761.(3).|.067.|.Full.ROI,5789,17625,Ndrg2,-1.36556870335528,Cortical layer VI,Ndrg2
D5761.(3).|.067.|.Full.ROI,5789,17625,Ivd,-0.880317005750952,Cortical layer VI,Ivd
D5761.(3).|.067.|.Full.ROI,5789,17625,Lypd5,-0.153875393070657,Cortical layer VI,Lypd5
D5761.(3).|.067.|.Full.ROI,5789,17625,Cgnl1,-0.392506528458198,Cortical layer VI,Cgnl1
D5761.(3).|.067.|.Full.ROI,5789,17625,Gng7,-0.609859612076709,Cortical layer VI,Gng7
D5761.(3).|.067.|.Full.ROI,5789,17625,Lrsam1,-0.930313740128963,Cortical layer VI,Lrsam1
D5761.(3).|.067.|.Full.ROI,5789,17625,Etv1,-0.401623089411532,Cortical layer VI,Etv1
D5761.(3).|.067.|.Full.ROI,5789,17625,Fezf2,0.597527781852713,Cortical layer VI,Fezf2
