Sample_ID,Cell_type,Proportion,X_position,Y_position,type,Order
D5761.(3).|.019.|.DNA,Neuron,7.50E-05,15346,18206,Choroid plexus,A
D5761.(3).|.019.|.DNA,Microglia,0.009658678,15346,18206,Choroid plexus,B
D5761.(3).|.019.|.DNA,Astrocyte,0,15346,18206,Choroid plexus,C
D5761.(3).|.019.|.DNA,Polydendrocyte,0.002883063,15346,18206,Choroid plexus,D
D5761.(3).|.019.|.DNA,Macrophage,0.017815613,15346,18206,Choroid plexus,E
D5761.(3).|.019.|.DNA,Endothelial Tip,0.343009111,15346,18206,Choroid plexus,F
D5761.(3).|.019.|.DNA,Endothelial Stalk,0.007270266,15346,18206,Choroid plexus,G
D5761.(3).|.019.|.DNA,Choroid Plexus,0.614518225,15346,18206,Choroid plexus,H
D5761.(3).|.019.|.DNA,Oligodendrocyte,0,15346,18206,Choroid plexus,I
D5761.(3).|.019.|.DNA,Ependymal,0.000189682,15346,18206,Choroid plexus,J
D5761.(3).|.019.|.DNA,Mural,0.00458035,15346,18206,Choroid plexus,K
D5761.(3).|.020.|.DNA,Neuron,0,22414,16800,Choroid plexus,A
D5761.(3).|.020.|.DNA,Microglia,0.015599647,22414,16800,Choroid plexus,B
D5761.(3).|.020.|.DNA,Astrocyte,0,22414,16800,Choroid plexus,C
D5761.(3).|.020.|.DNA,Polydendrocyte,0.005539862,22414,16800,Choroid plexus,D
D5761.(3).|.020.|.DNA,Macrophage,0.016472159,22414,16800,Choroid plexus,E
D5761.(3).|.020.|.DNA,Endothelial Tip,0.257976501,22414,16800,Choroid plexus,F
D5761.(3).|.020.|.DNA,Endothelial Stalk,0.008545178,22414,16800,Choroid plexus,G
D5761.(3).|.020.|.DNA,Choroid Plexus,0.684537466,22414,16800,Choroid plexus,H
D5761.(3).|.020.|.DNA,Oligodendrocyte,0,22414,16800,Choroid plexus,I
D5761.(3).|.020.|.DNA,Ependymal,0.003770669,22414,16800,Choroid plexus,J
D5761.(3).|.020.|.DNA,Mural,0.007558517,22414,16800,Choroid plexus,K
D5761.(3).|.021.|.DNA,Neuron,0,7861,16010,Choroid plexus,A
D5761.(3).|.021.|.DNA,Microglia,0.012750052,7861,16010,Choroid plexus,B
D5761.(3).|.021.|.DNA,Astrocyte,0,7861,16010,Choroid plexus,C
D5761.(3).|.021.|.DNA,Polydendrocyte,0.004853321,7861,16010,Choroid plexus,D
D5761.(3).|.021.|.DNA,Macrophage,0.009701501,7861,16010,Choroid plexus,E
D5761.(3).|.021.|.DNA,Endothelial Tip,0.224746106,7861,16010,Choroid plexus,F
D5761.(3).|.021.|.DNA,Endothelial Stalk,0.005961918,7861,16010,Choroid plexus,G
D5761.(3).|.021.|.DNA,Choroid Plexus,0.740817495,7861,16010,Choroid plexus,H
D5761.(3).|.021.|.DNA,Oligodendrocyte,7.62E-05,7861,16010,Choroid plexus,I
D5761.(3).|.021.|.DNA,Ependymal,0,7861,16010,Choroid plexus,J
D5761.(3).|.021.|.DNA,Mural,0.00109345,7861,16010,Choroid plexus,K
D5761.(3).|.008.|.Full.ROI,Neuron,0.063746375,9486.367188,13342.67188,Corticospinal tract,A
D5761.(3).|.008.|.Full.ROI,Microglia,0.22717785,9486.367188,13342.67188,Corticospinal tract,B
D5761.(3).|.008.|.Full.ROI,Astrocyte,0.059464689,9486.367188,13342.67188,Corticospinal tract,C
D5761.(3).|.008.|.Full.ROI,Polydendrocyte,0.138999554,9486.367188,13342.67188,Corticospinal tract,D
D5761.(3).|.008.|.Full.ROI,Macrophage,0.096514655,9486.367188,13342.67188,Corticospinal tract,E
D5761.(3).|.008.|.Full.ROI,Endothelial Tip,0.026946051,9486.367188,13342.67188,Corticospinal tract,F
D5761.(3).|.008.|.Full.ROI,Endothelial Stalk,0.041884966,9486.367188,13342.67188,Corticospinal tract,G
D5761.(3).|.008.|.Full.ROI,Choroid Plexus,0,9486.367188,13342.67188,Corticospinal tract,H
D5761.(3).|.008.|.Full.ROI,Oligodendrocyte,0.306042275,9486.367188,13342.67188,Corticospinal tract,I
D5761.(3).|.008.|.Full.ROI,Ependymal,0.029458334,9486.367188,13342.67188,Corticospinal tract,J
D5761.(3).|.008.|.Full.ROI,Mural,0.009765251,9486.367188,13342.67188,Corticospinal tract,K
D5761.(3).|.009.|.Full.ROI,Neuron,0.036475327,9974.688477,12617.37012,Corticospinal tract,A
D5761.(3).|.009.|.Full.ROI,Microglia,0.205859488,9974.688477,12617.37012,Corticospinal tract,B
D5761.(3).|.009.|.Full.ROI,Astrocyte,0.05090252,9974.688477,12617.37012,Corticospinal tract,C
D5761.(3).|.009.|.Full.ROI,Polydendrocyte,0.248459166,9974.688477,12617.37012,Corticospinal tract,D
D5761.(3).|.009.|.Full.ROI,Macrophage,0.054892852,9974.688477,12617.37012,Corticospinal tract,E
D5761.(3).|.009.|.Full.ROI,Endothelial Tip,0.098010014,9974.688477,12617.37012,Corticospinal tract,F
D5761.(3).|.009.|.Full.ROI,Endothelial Stalk,0.028448052,9974.688477,12617.37012,Corticospinal tract,G
D5761.(3).|.009.|.Full.ROI,Choroid Plexus,0,9974.688477,12617.37012,Corticospinal tract,H
D5761.(3).|.009.|.Full.ROI,Oligodendrocyte,0.244595644,9974.688477,12617.37012,Corticospinal tract,I
D5761.(3).|.009.|.Full.ROI,Ependymal,0.019915901,9974.688477,12617.37012,Corticospinal tract,J
D5761.(3).|.009.|.Full.ROI,Mural,0.012441036,9974.688477,12617.37012,Corticospinal tract,K
D5761.(3).|.010.|.Full.ROI,Neuron,0.022579536,10664.08398,11884.8877,Corticospinal tract,A
D5761.(3).|.010.|.Full.ROI,Microglia,0.162041397,10664.08398,11884.8877,Corticospinal tract,B
D5761.(3).|.010.|.Full.ROI,Astrocyte,0.073439838,10664.08398,11884.8877,Corticospinal tract,C
D5761.(3).|.010.|.Full.ROI,Polydendrocyte,0.257364762,10664.08398,11884.8877,Corticospinal tract,D
D5761.(3).|.010.|.Full.ROI,Macrophage,0.114832226,10664.08398,11884.8877,Corticospinal tract,E
D5761.(3).|.010.|.Full.ROI,Endothelial Tip,0.059922087,10664.08398,11884.8877,Corticospinal tract,F
D5761.(3).|.010.|.Full.ROI,Endothelial Stalk,0.019311547,10664.08398,11884.8877,Corticospinal tract,G
D5761.(3).|.010.|.Full.ROI,Choroid Plexus,0,10664.08398,11884.8877,Corticospinal tract,H
D5761.(3).|.010.|.Full.ROI,Oligodendrocyte,0.270203431,10664.08398,11884.8877,Corticospinal tract,I
D5761.(3).|.010.|.Full.ROI,Ependymal,0.011672963,10664.08398,11884.8877,Corticospinal tract,J
D5761.(3).|.010.|.Full.ROI,Mural,0.008632212,10664.08398,11884.8877,Corticospinal tract,K
D5761.(3).|.033.|.Full.ROI,Neuron,0.356122948,12584.85938,20066.13086,Hippocampus CA1,A
D5761.(3).|.033.|.Full.ROI,Microglia,0.184636616,12584.85938,20066.13086,Hippocampus CA1,B
D5761.(3).|.033.|.Full.ROI,Astrocyte,0.357868471,12584.85938,20066.13086,Hippocampus CA1,C
D5761.(3).|.033.|.Full.ROI,Polydendrocyte,0,12584.85938,20066.13086,Hippocampus CA1,D
D5761.(3).|.033.|.Full.ROI,Macrophage,0,12584.85938,20066.13086,Hippocampus CA1,E
D5761.(3).|.033.|.Full.ROI,Endothelial Tip,0.017964436,12584.85938,20066.13086,Hippocampus CA1,F
D5761.(3).|.033.|.Full.ROI,Endothelial Stalk,0.080175222,12584.85938,20066.13086,Hippocampus CA1,G
D5761.(3).|.033.|.Full.ROI,Choroid Plexus,0,12584.85938,20066.13086,Hippocampus CA1,H
D5761.(3).|.033.|.Full.ROI,Oligodendrocyte,0,12584.85938,20066.13086,Hippocampus CA1,I
D5761.(3).|.033.|.Full.ROI,Ependymal,0,12584.85938,20066.13086,Hippocampus CA1,J
D5761.(3).|.033.|.Full.ROI,Mural,0.003232308,12584.85938,20066.13086,Hippocampus CA1,K
D5761.(3).|.034.|.Full.ROI,Neuron,0.339141169,11679.68262,20200.37109,Hippocampus CA1,A
D5761.(3).|.034.|.Full.ROI,Microglia,0.297533702,11679.68262,20200.37109,Hippocampus CA1,B
D5761.(3).|.034.|.Full.ROI,Astrocyte,0.253926682,11679.68262,20200.37109,Hippocampus CA1,C
D5761.(3).|.034.|.Full.ROI,Polydendrocyte,0.028068113,11679.68262,20200.37109,Hippocampus CA1,D
D5761.(3).|.034.|.Full.ROI,Macrophage,0,11679.68262,20200.37109,Hippocampus CA1,E
D5761.(3).|.034.|.Full.ROI,Endothelial Tip,0,11679.68262,20200.37109,Hippocampus CA1,F
D5761.(3).|.034.|.Full.ROI,Endothelial Stalk,0.053655576,11679.68262,20200.37109,Hippocampus CA1,G
D5761.(3).|.034.|.Full.ROI,Choroid Plexus,0,11679.68262,20200.37109,Hippocampus CA1,H
D5761.(3).|.034.|.Full.ROI,Oligodendrocyte,0,11679.68262,20200.37109,Hippocampus CA1,I
D5761.(3).|.034.|.Full.ROI,Ependymal,0,11679.68262,20200.37109,Hippocampus CA1,J
D5761.(3).|.034.|.Full.ROI,Mural,0.027674759,11679.68262,20200.37109,Hippocampus CA1,K
D5761.(3).|.039.|.Full.ROI,Neuron,0.212188362,9429.947266,19084.17969,Hippocampus CA2,A
D5761.(3).|.039.|.Full.ROI,Microglia,0.39075656,9429.947266,19084.17969,Hippocampus CA2,B
D5761.(3).|.039.|.Full.ROI,Astrocyte,0.142595014,9429.947266,19084.17969,Hippocampus CA2,C
D5761.(3).|.039.|.Full.ROI,Polydendrocyte,0.053915716,9429.947266,19084.17969,Hippocampus CA2,D
D5761.(3).|.039.|.Full.ROI,Macrophage,0,9429.947266,19084.17969,Hippocampus CA2,E
D5761.(3).|.039.|.Full.ROI,Endothelial Tip,0.122963788,9429.947266,19084.17969,Hippocampus CA2,F
D5761.(3).|.039.|.Full.ROI,Endothelial Stalk,0.036075869,9429.947266,19084.17969,Hippocampus CA2,G
D5761.(3).|.039.|.Full.ROI,Choroid Plexus,0.003087861,9429.947266,19084.17969,Hippocampus CA2,H
D5761.(3).|.039.|.Full.ROI,Oligodendrocyte,0,9429.947266,19084.17969,Hippocampus CA2,I
D5761.(3).|.039.|.Full.ROI,Ependymal,0.005614435,9429.947266,19084.17969,Hippocampus CA2,J
D5761.(3).|.039.|.Full.ROI,Mural,0.032802395,9429.947266,19084.17969,Hippocampus CA2,K
D5761.(3).|.036.|.Full.ROI,Neuron,0.382423818,10081.37207,18230.1875,Hippocampus CA3,A
D5761.(3).|.036.|.Full.ROI,Microglia,0.21739625,10081.37207,18230.1875,Hippocampus CA3,B
D5761.(3).|.036.|.Full.ROI,Astrocyte,0.2726407,10081.37207,18230.1875,Hippocampus CA3,C
D5761.(3).|.036.|.Full.ROI,Polydendrocyte,0,10081.37207,18230.1875,Hippocampus CA3,D
D5761.(3).|.036.|.Full.ROI,Macrophage,0.04451915,10081.37207,18230.1875,Hippocampus CA3,E
D5761.(3).|.036.|.Full.ROI,Endothelial Tip,0.006694361,10081.37207,18230.1875,Hippocampus CA3,F
D5761.(3).|.036.|.Full.ROI,Endothelial Stalk,0.055319593,10081.37207,18230.1875,Hippocampus CA3,G
D5761.(3).|.036.|.Full.ROI,Choroid Plexus,0.001135734,10081.37207,18230.1875,Hippocampus CA3,H
D5761.(3).|.036.|.Full.ROI,Oligodendrocyte,0.019472738,10081.37207,18230.1875,Hippocampus CA3,I
D5761.(3).|.036.|.Full.ROI,Ependymal,0,10081.37207,18230.1875,Hippocampus CA3,J
D5761.(3).|.036.|.Full.ROI,Mural,0.000397656,10081.37207,18230.1875,Hippocampus CA3,K
D5761.(3).|.037.|.Full.ROI,Neuron,0.327429568,9553.245117,18085.44141,Hippocampus CA3,A
D5761.(3).|.037.|.Full.ROI,Microglia,0.217057766,9553.245117,18085.44141,Hippocampus CA3,B
D5761.(3).|.037.|.Full.ROI,Astrocyte,0.136085707,9553.245117,18085.44141,Hippocampus CA3,C
D5761.(3).|.037.|.Full.ROI,Polydendrocyte,0.142884616,9553.245117,18085.44141,Hippocampus CA3,D
D5761.(3).|.037.|.Full.ROI,Macrophage,0.066777314,9553.245117,18085.44141,Hippocampus CA3,E
D5761.(3).|.037.|.Full.ROI,Endothelial Tip,0.050901727,9553.245117,18085.44141,Hippocampus CA3,F
D5761.(3).|.037.|.Full.ROI,Endothelial Stalk,0.021835642,9553.245117,18085.44141,Hippocampus CA3,G
D5761.(3).|.037.|.Full.ROI,Choroid Plexus,0.000897914,9553.245117,18085.44141,Hippocampus CA3,H
D5761.(3).|.037.|.Full.ROI,Oligodendrocyte,0.011382569,9553.245117,18085.44141,Hippocampus CA3,I
D5761.(3).|.037.|.Full.ROI,Ependymal,0,9553.245117,18085.44141,Hippocampus CA3,J
D5761.(3).|.037.|.Full.ROI,Mural,0.024747176,9553.245117,18085.44141,Hippocampus CA3,K
D5761.(3).|.038.|.Full.ROI,Neuron,0.434175468,9016.265625,18132.21484,Hippocampus CA3,A
D5761.(3).|.038.|.Full.ROI,Microglia,0.128808258,9016.265625,18132.21484,Hippocampus CA3,B
D5761.(3).|.038.|.Full.ROI,Astrocyte,0.231338027,9016.265625,18132.21484,Hippocampus CA3,C
D5761.(3).|.038.|.Full.ROI,Polydendrocyte,0.048766493,9016.265625,18132.21484,Hippocampus CA3,D
D5761.(3).|.038.|.Full.ROI,Macrophage,0.060986466,9016.265625,18132.21484,Hippocampus CA3,E
D5761.(3).|.038.|.Full.ROI,Endothelial Tip,0,9016.265625,18132.21484,Hippocampus CA3,F
D5761.(3).|.038.|.Full.ROI,Endothelial Stalk,0.056789308,9016.265625,18132.21484,Hippocampus CA3,G
D5761.(3).|.038.|.Full.ROI,Choroid Plexus,0.001356507,9016.265625,18132.21484,Hippocampus CA3,H
D5761.(3).|.038.|.Full.ROI,Oligodendrocyte,0.020075294,9016.265625,18132.21484,Hippocampus CA3,I
D5761.(3).|.038.|.Full.ROI,Ependymal,0,9016.265625,18132.21484,Hippocampus CA3,J
D5761.(3).|.038.|.Full.ROI,Mural,0.017704179,9016.265625,18132.21484,Hippocampus CA3,K
D5761.(3).|.030.|.Full.ROI,Neuron,0.462842577,12858,18452,Hippocampus dentate gyrus,A
D5761.(3).|.030.|.Full.ROI,Microglia,0.096951589,12858,18452,Hippocampus dentate gyrus,B
D5761.(3).|.030.|.Full.ROI,Astrocyte,0.022176609,12858,18452,Hippocampus dentate gyrus,C
D5761.(3).|.030.|.Full.ROI,Polydendrocyte,0.117879884,12858,18452,Hippocampus dentate gyrus,D
D5761.(3).|.030.|.Full.ROI,Macrophage,0.160570061,12858,18452,Hippocampus dentate gyrus,E
D5761.(3).|.030.|.Full.ROI,Endothelial Tip,0.076967435,12858,18452,Hippocampus dentate gyrus,F
D5761.(3).|.030.|.Full.ROI,Endothelial Stalk,0.013485094,12858,18452,Hippocampus dentate gyrus,G
D5761.(3).|.030.|.Full.ROI,Choroid Plexus,0.000160688,12858,18452,Hippocampus dentate gyrus,H
D5761.(3).|.030.|.Full.ROI,Oligodendrocyte,0.001992437,12858,18452,Hippocampus dentate gyrus,I
D5761.(3).|.030.|.Full.ROI,Ependymal,0.046973627,12858,18452,Hippocampus dentate gyrus,J
D5761.(3).|.030.|.Full.ROI,Mural,0,12858,18452,Hippocampus dentate gyrus,K
D5761.(3).|.031.|.Full.ROI,Neuron,0.359127616,12493,18144,Hippocampus dentate gyrus,A
D5761.(3).|.031.|.Full.ROI,Microglia,0.141577997,12493,18144,Hippocampus dentate gyrus,B
D5761.(3).|.031.|.Full.ROI,Astrocyte,0.022799788,12493,18144,Hippocampus dentate gyrus,C
D5761.(3).|.031.|.Full.ROI,Polydendrocyte,0.11532178,12493,18144,Hippocampus dentate gyrus,D
D5761.(3).|.031.|.Full.ROI,Macrophage,0.067834613,12493,18144,Hippocampus dentate gyrus,E
D5761.(3).|.031.|.Full.ROI,Endothelial Tip,0.201855482,12493,18144,Hippocampus dentate gyrus,F
D5761.(3).|.031.|.Full.ROI,Endothelial Stalk,0.022247993,12493,18144,Hippocampus dentate gyrus,G
D5761.(3).|.031.|.Full.ROI,Choroid Plexus,4.26E-05,12493,18144,Hippocampus dentate gyrus,H
D5761.(3).|.031.|.Full.ROI,Oligodendrocyte,0.000253791,12493,18144,Hippocampus dentate gyrus,I
D5761.(3).|.031.|.Full.ROI,Ependymal,0.062461347,12493,18144,Hippocampus dentate gyrus,J
D5761.(3).|.031.|.Full.ROI,Mural,0.006476976,12493,18144,Hippocampus dentate gyrus,K
D5761.(3).|.032.|.Full.ROI,Neuron,0.438119788,13621,18031,Hippocampus dentate gyrus,A
D5761.(3).|.032.|.Full.ROI,Microglia,0.077810965,13621,18031,Hippocampus dentate gyrus,B
D5761.(3).|.032.|.Full.ROI,Astrocyte,0.025255668,13621,18031,Hippocampus dentate gyrus,C
D5761.(3).|.032.|.Full.ROI,Polydendrocyte,0.153930641,13621,18031,Hippocampus dentate gyrus,D
D5761.(3).|.032.|.Full.ROI,Macrophage,0.14523055,13621,18031,Hippocampus dentate gyrus,E
D5761.(3).|.032.|.Full.ROI,Endothelial Tip,0.0516554,13621,18031,Hippocampus dentate gyrus,F
D5761.(3).|.032.|.Full.ROI,Endothelial Stalk,0.024062518,13621,18031,Hippocampus dentate gyrus,G
D5761.(3).|.032.|.Full.ROI,Choroid Plexus,0,13621,18031,Hippocampus dentate gyrus,H
D5761.(3).|.032.|.Full.ROI,Oligodendrocyte,0,13621,18031,Hippocampus dentate gyrus,I
D5761.(3).|.032.|.Full.ROI,Ependymal,0.064953031,13621,18031,Hippocampus dentate gyrus,J
D5761.(3).|.032.|.Full.ROI,Mural,0.018981439,13621,18031,Hippocampus dentate gyrus,K
D5761.(3).|.040.|.Full.ROI,Neuron,0.477300795,6662.168945,11542.29688,Amygdala,A
D5761.(3).|.040.|.Full.ROI,Microglia,0.172571448,6662.168945,11542.29688,Amygdala,B
D5761.(3).|.040.|.Full.ROI,Astrocyte,0.098321867,6662.168945,11542.29688,Amygdala,C
D5761.(3).|.040.|.Full.ROI,Polydendrocyte,0.116600655,6662.168945,11542.29688,Amygdala,D
D5761.(3).|.040.|.Full.ROI,Macrophage,0.075833616,6662.168945,11542.29688,Amygdala,E
D5761.(3).|.040.|.Full.ROI,Endothelial Tip,0.012482545,6662.168945,11542.29688,Amygdala,F
D5761.(3).|.040.|.Full.ROI,Endothelial Stalk,0.028974765,6662.168945,11542.29688,Amygdala,G
D5761.(3).|.040.|.Full.ROI,Choroid Plexus,0,6662.168945,11542.29688,Amygdala,H
D5761.(3).|.040.|.Full.ROI,Oligodendrocyte,0,6662.168945,11542.29688,Amygdala,I
D5761.(3).|.040.|.Full.ROI,Ependymal,0.013931271,6662.168945,11542.29688,Amygdala,J
D5761.(3).|.040.|.Full.ROI,Mural,0.003983038,6662.168945,11542.29688,Amygdala,K
D5761.(3).|.041.|.Full.ROI,Neuron,0.480262835,6499.962891,12343.28027,Amygdala,A
D5761.(3).|.041.|.Full.ROI,Microglia,0.168965029,6499.962891,12343.28027,Amygdala,B
D5761.(3).|.041.|.Full.ROI,Astrocyte,0.102995812,6499.962891,12343.28027,Amygdala,C
D5761.(3).|.041.|.Full.ROI,Polydendrocyte,0.129934881,6499.962891,12343.28027,Amygdala,D
D5761.(3).|.041.|.Full.ROI,Macrophage,0.062961536,6499.962891,12343.28027,Amygdala,E
D5761.(3).|.041.|.Full.ROI,Endothelial Tip,0,6499.962891,12343.28027,Amygdala,F
D5761.(3).|.041.|.Full.ROI,Endothelial Stalk,0.023163718,6499.962891,12343.28027,Amygdala,G
D5761.(3).|.041.|.Full.ROI,Choroid Plexus,0,6499.962891,12343.28027,Amygdala,H
D5761.(3).|.041.|.Full.ROI,Oligodendrocyte,0,6499.962891,12343.28027,Amygdala,I
D5761.(3).|.041.|.Full.ROI,Ependymal,0.02246821,6499.962891,12343.28027,Amygdala,J
D5761.(3).|.041.|.Full.ROI,Mural,0.009247979,6499.962891,12343.28027,Amygdala,K
D5761.(3).|.042.|.Full.ROI,Neuron,0.652187149,6324.195313,13104.14258,Amygdala,A
D5761.(3).|.042.|.Full.ROI,Microglia,0.18179053,6324.195313,13104.14258,Amygdala,B
D5761.(3).|.042.|.Full.ROI,Astrocyte,0.095722933,6324.195313,13104.14258,Amygdala,C
D5761.(3).|.042.|.Full.ROI,Polydendrocyte,0.009916074,6324.195313,13104.14258,Amygdala,D
D5761.(3).|.042.|.Full.ROI,Macrophage,0,6324.195313,13104.14258,Amygdala,E
D5761.(3).|.042.|.Full.ROI,Endothelial Tip,0,6324.195313,13104.14258,Amygdala,F
D5761.(3).|.042.|.Full.ROI,Endothelial Stalk,0.012980612,6324.195313,13104.14258,Amygdala,G
D5761.(3).|.042.|.Full.ROI,Choroid Plexus,0.000857259,6324.195313,13104.14258,Amygdala,H
D5761.(3).|.042.|.Full.ROI,Oligodendrocyte,0,6324.195313,13104.14258,Amygdala,I
D5761.(3).|.042.|.Full.ROI,Ependymal,0.01814363,6324.195313,13104.14258,Amygdala,J
D5761.(3).|.042.|.Full.ROI,Mural,0.028401813,6324.195313,13104.14258,Amygdala,K
D5761.(3).|.048.|.NeuN+,Neuron,0.939825299,23952.74414,10462.90137,Amygdala - NeuN+,A
D5761.(3).|.048.|.NeuN+,Microglia,0.018382771,23952.74414,10462.90137,Amygdala - NeuN+,B
D5761.(3).|.048.|.NeuN+,Astrocyte,0.008573674,23952.74414,10462.90137,Amygdala - NeuN+,C
D5761.(3).|.048.|.NeuN+,Polydendrocyte,0.005189916,23952.74414,10462.90137,Amygdala - NeuN+,D
D5761.(3).|.048.|.NeuN+,Macrophage,0.026674829,23952.74414,10462.90137,Amygdala - NeuN+,E
D5761.(3).|.048.|.NeuN+,Endothelial Tip,0,23952.74414,10462.90137,Amygdala - NeuN+,F
D5761.(3).|.048.|.NeuN+,Endothelial Stalk,0,23952.74414,10462.90137,Amygdala - NeuN+,G
D5761.(3).|.048.|.NeuN+,Choroid Plexus,0,23952.74414,10462.90137,Amygdala - NeuN+,H
D5761.(3).|.048.|.NeuN+,Oligodendrocyte,0,23952.74414,10462.90137,Amygdala - NeuN+,I
D5761.(3).|.048.|.NeuN+,Ependymal,0,23952.74414,10462.90137,Amygdala - NeuN+,J
D5761.(3).|.048.|.NeuN+,Mural,0.001353511,23952.74414,10462.90137,Amygdala - NeuN+,K
D5761.(3).|.058.|.NeuN+,Neuron,0.958483468,24240.04102,11883.4043,Amygdala - NeuN+,A
D5761.(3).|.058.|.NeuN+,Microglia,0.022268142,24240.04102,11883.4043,Amygdala - NeuN+,B
D5761.(3).|.058.|.NeuN+,Astrocyte,0.007988238,24240.04102,11883.4043,Amygdala - NeuN+,C
D5761.(3).|.058.|.NeuN+,Polydendrocyte,0,24240.04102,11883.4043,Amygdala - NeuN+,D
D5761.(3).|.058.|.NeuN+,Macrophage,0.00796813,24240.04102,11883.4043,Amygdala - NeuN+,E
D5761.(3).|.058.|.NeuN+,Endothelial Tip,0,24240.04102,11883.4043,Amygdala - NeuN+,F
D5761.(3).|.058.|.NeuN+,Endothelial Stalk,0,24240.04102,11883.4043,Amygdala - NeuN+,G
D5761.(3).|.058.|.NeuN+,Choroid Plexus,0,24240.04102,11883.4043,Amygdala - NeuN+,H
D5761.(3).|.058.|.NeuN+,Oligodendrocyte,0,24240.04102,11883.4043,Amygdala - NeuN+,I
D5761.(3).|.058.|.NeuN+,Ependymal,0.003292022,24240.04102,11883.4043,Amygdala - NeuN+,J
D5761.(3).|.058.|.NeuN+,Mural,0,24240.04102,11883.4043,Amygdala - NeuN+,K
D5761.(3).|.068.|.NeuN+,Neuron,0.934724009,23714.22656,11241.91113,Amygdala - NeuN+,A
D5761.(3).|.068.|.NeuN+,Microglia,0.02836969,23714.22656,11241.91113,Amygdala - NeuN+,B
D5761.(3).|.068.|.NeuN+,Astrocyte,0.011695601,23714.22656,11241.91113,Amygdala - NeuN+,C
D5761.(3).|.068.|.NeuN+,Polydendrocyte,0,23714.22656,11241.91113,Amygdala - NeuN+,D
D5761.(3).|.068.|.NeuN+,Macrophage,0.020710021,23714.22656,11241.91113,Amygdala - NeuN+,E
D5761.(3).|.068.|.NeuN+,Endothelial Tip,0.004500679,23714.22656,11241.91113,Amygdala - NeuN+,F
D5761.(3).|.068.|.NeuN+,Endothelial Stalk,0,23714.22656,11241.91113,Amygdala - NeuN+,G
D5761.(3).|.068.|.NeuN+,Choroid Plexus,0,23714.22656,11241.91113,Amygdala - NeuN+,H
D5761.(3).|.068.|.NeuN+,Oligodendrocyte,0,23714.22656,11241.91113,Amygdala - NeuN+,I
D5761.(3).|.068.|.NeuN+,Ependymal,0,23714.22656,11241.91113,Amygdala - NeuN+,J
D5761.(3).|.068.|.NeuN+,Mural,0,23714.22656,11241.91113,Amygdala - NeuN+,K
D5761.(3).|.048.|.DNA,Neuron,0.283376575,23952.74414,10462.90137,Amygdala - Neuropil,A
D5761.(3).|.048.|.DNA,Microglia,0.259010752,23952.74414,10462.90137,Amygdala - Neuropil,B
D5761.(3).|.048.|.DNA,Astrocyte,0.174710727,23952.74414,10462.90137,Amygdala - Neuropil,C
D5761.(3).|.048.|.DNA,Polydendrocyte,0.04948038,23952.74414,10462.90137,Amygdala - Neuropil,D
D5761.(3).|.048.|.DNA,Macrophage,0.067644977,23952.74414,10462.90137,Amygdala - Neuropil,E
D5761.(3).|.048.|.DNA,Endothelial Tip,0.026966943,23952.74414,10462.90137,Amygdala - Neuropil,F
D5761.(3).|.048.|.DNA,Endothelial Stalk,0.097991966,23952.74414,10462.90137,Amygdala - Neuropil,G
D5761.(3).|.048.|.DNA,Choroid Plexus,0,23952.74414,10462.90137,Amygdala - Neuropil,H
D5761.(3).|.048.|.DNA,Oligodendrocyte,0.003449875,23952.74414,10462.90137,Amygdala - Neuropil,I
D5761.(3).|.048.|.DNA,Ependymal,0.00695992,23952.74414,10462.90137,Amygdala - Neuropil,J
D5761.(3).|.048.|.DNA,Mural,0.030407884,23952.74414,10462.90137,Amygdala - Neuropil,K
D5761.(3).|.058.|.DNA,Neuron,0.444599102,24240.04102,11883.4043,Amygdala - Neuropil,A
D5761.(3).|.058.|.DNA,Microglia,0.186328045,24240.04102,11883.4043,Amygdala - Neuropil,B
D5761.(3).|.058.|.DNA,Astrocyte,0.191799438,24240.04102,11883.4043,Amygdala - Neuropil,C
D5761.(3).|.058.|.DNA,Polydendrocyte,0.053954283,24240.04102,11883.4043,Amygdala - Neuropil,D
D5761.(3).|.058.|.DNA,Macrophage,0.072607083,24240.04102,11883.4043,Amygdala - Neuropil,E
D5761.(3).|.058.|.DNA,Endothelial Tip,0,24240.04102,11883.4043,Amygdala - Neuropil,F
D5761.(3).|.058.|.DNA,Endothelial Stalk,0.039671329,24240.04102,11883.4043,Amygdala - Neuropil,G
D5761.(3).|.058.|.DNA,Choroid Plexus,0.001120521,24240.04102,11883.4043,Amygdala - Neuropil,H
D5761.(3).|.058.|.DNA,Oligodendrocyte,0.009920198,24240.04102,11883.4043,Amygdala - Neuropil,I
D5761.(3).|.058.|.DNA,Ependymal,0,24240.04102,11883.4043,Amygdala - Neuropil,J
D5761.(3).|.058.|.DNA,Mural,0,24240.04102,11883.4043,Amygdala - Neuropil,K
D5761.(3).|.068.|.DNA,Neuron,0.341940139,23714.22656,11241.91113,Amygdala - Neuropil,A
D5761.(3).|.068.|.DNA,Microglia,0.266723107,23714.22656,11241.91113,Amygdala - Neuropil,B
D5761.(3).|.068.|.DNA,Astrocyte,0.17400973,23714.22656,11241.91113,Amygdala - Neuropil,C
D5761.(3).|.068.|.DNA,Polydendrocyte,0.05802751,23714.22656,11241.91113,Amygdala - Neuropil,D
D5761.(3).|.068.|.DNA,Macrophage,0.038268031,23714.22656,11241.91113,Amygdala - Neuropil,E
D5761.(3).|.068.|.DNA,Endothelial Tip,0.034643706,23714.22656,11241.91113,Amygdala - Neuropil,F
D5761.(3).|.068.|.DNA,Endothelial Stalk,0.05726762,23714.22656,11241.91113,Amygdala - Neuropil,G
D5761.(3).|.068.|.DNA,Choroid Plexus,0,23714.22656,11241.91113,Amygdala - Neuropil,H
D5761.(3).|.068.|.DNA,Oligodendrocyte,0.012976313,23714.22656,11241.91113,Amygdala - Neuropil,I
D5761.(3).|.068.|.DNA,Ependymal,0,23714.22656,11241.91113,Amygdala - Neuropil,J
D5761.(3).|.068.|.DNA,Mural,0.016143845,23714.22656,11241.91113,Amygdala - Neuropil,K
D5761.(3).|.014.|.Full.ROI,Neuron,0.37328734,6489.658203,15720.38184,Caudoputamen,A
D5761.(3).|.014.|.Full.ROI,Microglia,0.132054567,6489.658203,15720.38184,Caudoputamen,B
D5761.(3).|.014.|.Full.ROI,Astrocyte,0.07686237,6489.658203,15720.38184,Caudoputamen,C
D5761.(3).|.014.|.Full.ROI,Polydendrocyte,0.125992725,6489.658203,15720.38184,Caudoputamen,D
D5761.(3).|.014.|.Full.ROI,Macrophage,0.040487021,6489.658203,15720.38184,Caudoputamen,E
D5761.(3).|.014.|.Full.ROI,Endothelial Tip,0.138065122,6489.658203,15720.38184,Caudoputamen,F
D5761.(3).|.014.|.Full.ROI,Endothelial Stalk,0.033792677,6489.658203,15720.38184,Caudoputamen,G
D5761.(3).|.014.|.Full.ROI,Choroid Plexus,0.005793933,6489.658203,15720.38184,Caudoputamen,H
D5761.(3).|.014.|.Full.ROI,Oligodendrocyte,0.029566498,6489.658203,15720.38184,Caudoputamen,I
D5761.(3).|.014.|.Full.ROI,Ependymal,0.016849676,6489.658203,15720.38184,Caudoputamen,J
D5761.(3).|.014.|.Full.ROI,Mural,0.02724807,6489.658203,15720.38184,Caudoputamen,K
D5761.(3).|.015.|.Full.ROI,Neuron,0.466673362,6297.04248,14623.95508,Caudoputamen,A
D5761.(3).|.015.|.Full.ROI,Microglia,0.152311576,6297.04248,14623.95508,Caudoputamen,B
D5761.(3).|.015.|.Full.ROI,Astrocyte,0.081402717,6297.04248,14623.95508,Caudoputamen,C
D5761.(3).|.015.|.Full.ROI,Polydendrocyte,0.202017721,6297.04248,14623.95508,Caudoputamen,D
D5761.(3).|.015.|.Full.ROI,Macrophage,0.049451005,6297.04248,14623.95508,Caudoputamen,E
D5761.(3).|.015.|.Full.ROI,Endothelial Tip,0.005821841,6297.04248,14623.95508,Caudoputamen,F
D5761.(3).|.015.|.Full.ROI,Endothelial Stalk,0.027789475,6297.04248,14623.95508,Caudoputamen,G
D5761.(3).|.015.|.Full.ROI,Choroid Plexus,0,6297.04248,14623.95508,Caudoputamen,H
D5761.(3).|.015.|.Full.ROI,Oligodendrocyte,0.003683053,6297.04248,14623.95508,Caudoputamen,I
D5761.(3).|.015.|.Full.ROI,Ependymal,0.010849249,6297.04248,14623.95508,Caudoputamen,J
D5761.(3).|.015.|.Full.ROI,Mural,0,6297.04248,14623.95508,Caudoputamen,K
D5761.(3).|.016.|.Full.ROI,Neuron,0.465392361,6993.421387,14016.47559,Caudoputamen,A
D5761.(3).|.016.|.Full.ROI,Microglia,0.117299712,6993.421387,14016.47559,Caudoputamen,B
D5761.(3).|.016.|.Full.ROI,Astrocyte,0.085474694,6993.421387,14016.47559,Caudoputamen,C
D5761.(3).|.016.|.Full.ROI,Polydendrocyte,0.168174567,6993.421387,14016.47559,Caudoputamen,D
D5761.(3).|.016.|.Full.ROI,Macrophage,0.078865943,6993.421387,14016.47559,Caudoputamen,E
D5761.(3).|.016.|.Full.ROI,Endothelial Tip,0.031676568,6993.421387,14016.47559,Caudoputamen,F
D5761.(3).|.016.|.Full.ROI,Endothelial Stalk,0.0146224,6993.421387,14016.47559,Caudoputamen,G
D5761.(3).|.016.|.Full.ROI,Choroid Plexus,0.000425468,6993.421387,14016.47559,Caudoputamen,H
D5761.(3).|.016.|.Full.ROI,Oligodendrocyte,0,6993.421387,14016.47559,Caudoputamen,I
D5761.(3).|.016.|.Full.ROI,Ependymal,0.031254776,6993.421387,14016.47559,Caudoputamen,J
D5761.(3).|.016.|.Full.ROI,Mural,0.006813512,6993.421387,14016.47559,Caudoputamen,K
D5761.(3).|.073.|.NeuN+,Neuron,0.793950772,24192.89648,14239.9043,Caudoputamen - NeuN+,A
D5761.(3).|.073.|.NeuN+,Microglia,0.019888695,24192.89648,14239.9043,Caudoputamen - NeuN+,B
D5761.(3).|.073.|.NeuN+,Astrocyte,0.013490977,24192.89648,14239.9043,Caudoputamen - NeuN+,C
D5761.(3).|.073.|.NeuN+,Polydendrocyte,0.087550742,24192.89648,14239.9043,Caudoputamen - NeuN+,D
D5761.(3).|.073.|.NeuN+,Macrophage,0.063314383,24192.89648,14239.9043,Caudoputamen - NeuN+,E
D5761.(3).|.073.|.NeuN+,Endothelial Tip,0,24192.89648,14239.9043,Caudoputamen - NeuN+,F
D5761.(3).|.073.|.NeuN+,Endothelial Stalk,0.009211234,24192.89648,14239.9043,Caudoputamen - NeuN+,G
D5761.(3).|.073.|.NeuN+,Choroid Plexus,0,24192.89648,14239.9043,Caudoputamen - NeuN+,H
D5761.(3).|.073.|.NeuN+,Oligodendrocyte,0.006220227,24192.89648,14239.9043,Caudoputamen - NeuN+,I
D5761.(3).|.073.|.NeuN+,Ependymal,0.006372969,24192.89648,14239.9043,Caudoputamen - NeuN+,J
D5761.(3).|.073.|.NeuN+,Mural,0,24192.89648,14239.9043,Caudoputamen - NeuN+,K
D5761.(3).|.074.|.NeuN+,Neuron,0.806489433,23949.63086,15586.26758,Caudoputamen - NeuN+,A
D5761.(3).|.074.|.NeuN+,Microglia,0,23949.63086,15586.26758,Caudoputamen - NeuN+,B
D5761.(3).|.074.|.NeuN+,Astrocyte,0.003376729,23949.63086,15586.26758,Caudoputamen - NeuN+,C
D5761.(3).|.074.|.NeuN+,Polydendrocyte,0.034184622,23949.63086,15586.26758,Caudoputamen - NeuN+,D
D5761.(3).|.074.|.NeuN+,Macrophage,0.130017263,23949.63086,15586.26758,Caudoputamen - NeuN+,E
D5761.(3).|.074.|.NeuN+,Endothelial Tip,0.012161384,23949.63086,15586.26758,Caudoputamen - NeuN+,F
D5761.(3).|.074.|.NeuN+,Endothelial Stalk,0.006433349,23949.63086,15586.26758,Caudoputamen - NeuN+,G
D5761.(3).|.074.|.NeuN+,Choroid Plexus,0,23949.63086,15586.26758,Caudoputamen - NeuN+,H
D5761.(3).|.074.|.NeuN+,Oligodendrocyte,0.00379473,23949.63086,15586.26758,Caudoputamen - NeuN+,I
D5761.(3).|.074.|.NeuN+,Ependymal,0.00354249,23949.63086,15586.26758,Caudoputamen - NeuN+,J
D5761.(3).|.074.|.NeuN+,Mural,0,23949.63086,15586.26758,Caudoputamen - NeuN+,K
D5761.(3).|.075.|.NeuN+,Neuron,0.803282369,24140.10547,13193.1123,Caudoputamen - NeuN+,A
D5761.(3).|.075.|.NeuN+,Microglia,0.01509212,24140.10547,13193.1123,Caudoputamen - NeuN+,B
D5761.(3).|.075.|.NeuN+,Astrocyte,0.018350992,24140.10547,13193.1123,Caudoputamen - NeuN+,C
D5761.(3).|.075.|.NeuN+,Polydendrocyte,0.073297848,24140.10547,13193.1123,Caudoputamen - NeuN+,D
D5761.(3).|.075.|.NeuN+,Macrophage,0.060108806,24140.10547,13193.1123,Caudoputamen - NeuN+,E
D5761.(3).|.075.|.NeuN+,Endothelial Tip,0.015651485,24140.10547,13193.1123,Caudoputamen - NeuN+,F
D5761.(3).|.075.|.NeuN+,Endothelial Stalk,0.008345636,24140.10547,13193.1123,Caudoputamen - NeuN+,G
D5761.(3).|.075.|.NeuN+,Choroid Plexus,0,24140.10547,13193.1123,Caudoputamen - NeuN+,H
D5761.(3).|.075.|.NeuN+,Oligodendrocyte,0,24140.10547,13193.1123,Caudoputamen - NeuN+,I
D5761.(3).|.075.|.NeuN+,Ependymal,0.005700458,24140.10547,13193.1123,Caudoputamen - NeuN+,J
D5761.(3).|.075.|.NeuN+,Mural,0.000170285,24140.10547,13193.1123,Caudoputamen - NeuN+,K
D5761.(3).|.073.|.DNA,Neuron,0.2228766,24192.89648,14239.9043,Caudoputamen - Neuropil,A
D5761.(3).|.073.|.DNA,Microglia,0.225791994,24192.89648,14239.9043,Caudoputamen - Neuropil,B
D5761.(3).|.073.|.DNA,Astrocyte,0.143293433,24192.89648,14239.9043,Caudoputamen - Neuropil,C
D5761.(3).|.073.|.DNA,Polydendrocyte,0.139669851,24192.89648,14239.9043,Caudoputamen - Neuropil,D
D5761.(3).|.073.|.DNA,Macrophage,0.060996488,24192.89648,14239.9043,Caudoputamen - Neuropil,E
D5761.(3).|.073.|.DNA,Endothelial Tip,0.005152486,24192.89648,14239.9043,Caudoputamen - Neuropil,F
D5761.(3).|.073.|.DNA,Endothelial Stalk,0.051578274,24192.89648,14239.9043,Caudoputamen - Neuropil,G
D5761.(3).|.073.|.DNA,Choroid Plexus,0.000579989,24192.89648,14239.9043,Caudoputamen - Neuropil,H
D5761.(3).|.073.|.DNA,Oligodendrocyte,0.105497632,24192.89648,14239.9043,Caudoputamen - Neuropil,I
D5761.(3).|.073.|.DNA,Ependymal,0.008265621,24192.89648,14239.9043,Caudoputamen - Neuropil,J
D5761.(3).|.073.|.DNA,Mural,0.036297634,24192.89648,14239.9043,Caudoputamen - Neuropil,K
D5761.(3).|.074.|.DNA,Neuron,0.287459172,23949.63086,15586.26758,Caudoputamen - Neuropil,A
D5761.(3).|.074.|.DNA,Microglia,0.160952486,23949.63086,15586.26758,Caudoputamen - Neuropil,B
D5761.(3).|.074.|.DNA,Astrocyte,0.102661396,23949.63086,15586.26758,Caudoputamen - Neuropil,C
D5761.(3).|.074.|.DNA,Polydendrocyte,0.064779484,23949.63086,15586.26758,Caudoputamen - Neuropil,D
D5761.(3).|.074.|.DNA,Macrophage,0.119821687,23949.63086,15586.26758,Caudoputamen - Neuropil,E
D5761.(3).|.074.|.DNA,Endothelial Tip,0.067737998,23949.63086,15586.26758,Caudoputamen - Neuropil,F
D5761.(3).|.074.|.DNA,Endothelial Stalk,0.061697328,23949.63086,15586.26758,Caudoputamen - Neuropil,G
D5761.(3).|.074.|.DNA,Choroid Plexus,0,23949.63086,15586.26758,Caudoputamen - Neuropil,H
D5761.(3).|.074.|.DNA,Oligodendrocyte,0.064394295,23949.63086,15586.26758,Caudoputamen - Neuropil,I
D5761.(3).|.074.|.DNA,Ependymal,0.028444165,23949.63086,15586.26758,Caudoputamen - Neuropil,J
D5761.(3).|.074.|.DNA,Mural,0.042051989,23949.63086,15586.26758,Caudoputamen - Neuropil,K
D5761.(3).|.075.|.DNA,Neuron,0.315684628,24140.10547,13193.1123,Caudoputamen - Neuropil,A
D5761.(3).|.075.|.DNA,Microglia,0.24263894,24140.10547,13193.1123,Caudoputamen - Neuropil,B
D5761.(3).|.075.|.DNA,Astrocyte,0.228486358,24140.10547,13193.1123,Caudoputamen - Neuropil,C
D5761.(3).|.075.|.DNA,Polydendrocyte,0.015852458,24140.10547,13193.1123,Caudoputamen - Neuropil,D
D5761.(3).|.075.|.DNA,Macrophage,0.045879035,24140.10547,13193.1123,Caudoputamen - Neuropil,E
D5761.(3).|.075.|.DNA,Endothelial Tip,0.010953207,24140.10547,13193.1123,Caudoputamen - Neuropil,F
D5761.(3).|.075.|.DNA,Endothelial Stalk,0.06025127,24140.10547,13193.1123,Caudoputamen - Neuropil,G
D5761.(3).|.075.|.DNA,Choroid Plexus,0.000538964,24140.10547,13193.1123,Caudoputamen - Neuropil,H
D5761.(3).|.075.|.DNA,Oligodendrocyte,0.006634023,24140.10547,13193.1123,Caudoputamen - Neuropil,I
D5761.(3).|.075.|.DNA,Ependymal,0,24140.10547,13193.1123,Caudoputamen - Neuropil,J
D5761.(3).|.075.|.DNA,Mural,0.073081116,24140.10547,13193.1123,Caudoputamen - Neuropil,K
D5761.(3).|.011.|.Full.ROI,Neuron,0.314170365,12675.2002,11086.74805,Hypothalamus,A
D5761.(3).|.011.|.Full.ROI,Microglia,0.070736699,12675.2002,11086.74805,Hypothalamus,B
D5761.(3).|.011.|.Full.ROI,Astrocyte,0.097634651,12675.2002,11086.74805,Hypothalamus,C
D5761.(3).|.011.|.Full.ROI,Polydendrocyte,0.374445122,12675.2002,11086.74805,Hypothalamus,D
D5761.(3).|.011.|.Full.ROI,Macrophage,0.038418048,12675.2002,11086.74805,Hypothalamus,E
D5761.(3).|.011.|.Full.ROI,Endothelial Tip,0.024125009,12675.2002,11086.74805,Hypothalamus,F
D5761.(3).|.011.|.Full.ROI,Endothelial Stalk,0.016393002,12675.2002,11086.74805,Hypothalamus,G
D5761.(3).|.011.|.Full.ROI,Choroid Plexus,0,12675.2002,11086.74805,Hypothalamus,H
D5761.(3).|.011.|.Full.ROI,Oligodendrocyte,0.044269133,12675.2002,11086.74805,Hypothalamus,I
D5761.(3).|.011.|.Full.ROI,Ependymal,0.019807972,12675.2002,11086.74805,Hypothalamus,J
D5761.(3).|.011.|.Full.ROI,Mural,0,12675.2002,11086.74805,Hypothalamus,K
D5761.(3).|.012.|.Full.ROI,Neuron,0.292749146,13118.2373,10416.78809,Hypothalamus,A
D5761.(3).|.012.|.Full.ROI,Microglia,0.067376712,13118.2373,10416.78809,Hypothalamus,B
D5761.(3).|.012.|.Full.ROI,Astrocyte,0.113397068,13118.2373,10416.78809,Hypothalamus,C
D5761.(3).|.012.|.Full.ROI,Polydendrocyte,0.297325179,13118.2373,10416.78809,Hypothalamus,D
D5761.(3).|.012.|.Full.ROI,Macrophage,0.084819376,13118.2373,10416.78809,Hypothalamus,E
D5761.(3).|.012.|.Full.ROI,Endothelial Tip,0.025717726,13118.2373,10416.78809,Hypothalamus,F
D5761.(3).|.012.|.Full.ROI,Endothelial Stalk,0.034457579,13118.2373,10416.78809,Hypothalamus,G
D5761.(3).|.012.|.Full.ROI,Choroid Plexus,0,13118.2373,10416.78809,Hypothalamus,H
D5761.(3).|.012.|.Full.ROI,Oligodendrocyte,0.050732146,13118.2373,10416.78809,Hypothalamus,I
D5761.(3).|.012.|.Full.ROI,Ependymal,0.030937806,13118.2373,10416.78809,Hypothalamus,J
D5761.(3).|.012.|.Full.ROI,Mural,0.002487262,13118.2373,10416.78809,Hypothalamus,K
D5761.(3).|.013.|.Full.ROI,Neuron,0.297212646,13712.55664,9908.916016,Hypothalamus,A
D5761.(3).|.013.|.Full.ROI,Microglia,0.090638199,13712.55664,9908.916016,Hypothalamus,B
D5761.(3).|.013.|.Full.ROI,Astrocyte,0.143685731,13712.55664,9908.916016,Hypothalamus,C
D5761.(3).|.013.|.Full.ROI,Polydendrocyte,0.311062528,13712.55664,9908.916016,Hypothalamus,D
D5761.(3).|.013.|.Full.ROI,Macrophage,0.076501161,13712.55664,9908.916016,Hypothalamus,E
D5761.(3).|.013.|.Full.ROI,Endothelial Tip,0,13712.55664,9908.916016,Hypothalamus,F
D5761.(3).|.013.|.Full.ROI,Endothelial Stalk,0.019331485,13712.55664,9908.916016,Hypothalamus,G
D5761.(3).|.013.|.Full.ROI,Choroid Plexus,0,13712.55664,9908.916016,Hypothalamus,H
D5761.(3).|.013.|.Full.ROI,Oligodendrocyte,0.035088554,13712.55664,9908.916016,Hypothalamus,I
D5761.(3).|.013.|.Full.ROI,Ependymal,0.026479696,13712.55664,9908.916016,Hypothalamus,J
D5761.(3).|.013.|.Full.ROI,Mural,0,13712.55664,9908.916016,Hypothalamus,K
D5761.(3).|.017.|.Full.ROI,Neuron,0.400502711,14588,9138,Ventromedial hypothalamic nucleus,A
D5761.(3).|.017.|.Full.ROI,Microglia,0.106906462,14588,9138,Ventromedial hypothalamic nucleus,B
D5761.(3).|.017.|.Full.ROI,Astrocyte,0.105976901,14588,9138,Ventromedial hypothalamic nucleus,C
D5761.(3).|.017.|.Full.ROI,Polydendrocyte,0.245539997,14588,9138,Ventromedial hypothalamic nucleus,D
D5761.(3).|.017.|.Full.ROI,Macrophage,0.046154447,14588,9138,Ventromedial hypothalamic nucleus,E
D5761.(3).|.017.|.Full.ROI,Endothelial Tip,0.033556519,14588,9138,Ventromedial hypothalamic nucleus,F
D5761.(3).|.017.|.Full.ROI,Endothelial Stalk,0.020570603,14588,9138,Ventromedial hypothalamic nucleus,G
D5761.(3).|.017.|.Full.ROI,Choroid Plexus,0,14588,9138,Ventromedial hypothalamic nucleus,H
D5761.(3).|.017.|.Full.ROI,Oligodendrocyte,0.001363602,14588,9138,Ventromedial hypothalamic nucleus,I
D5761.(3).|.017.|.Full.ROI,Ependymal,0.039428757,14588,9138,Ventromedial hypothalamic nucleus,J
D5761.(3).|.017.|.Full.ROI,Mural,0,14588,9138,Ventromedial hypothalamic nucleus,K
D5761.(3).|.018.|.Full.ROI,Neuron,0.428214707,16618,9454,Ventromedial hypothalamic nucleus,A
D5761.(3).|.018.|.Full.ROI,Microglia,0.078967272,16618,9454,Ventromedial hypothalamic nucleus,B
D5761.(3).|.018.|.Full.ROI,Astrocyte,0.096847151,16618,9454,Ventromedial hypothalamic nucleus,C
D5761.(3).|.018.|.Full.ROI,Polydendrocyte,0.271217781,16618,9454,Ventromedial hypothalamic nucleus,D
D5761.(3).|.018.|.Full.ROI,Macrophage,0.043196809,16618,9454,Ventromedial hypothalamic nucleus,E
D5761.(3).|.018.|.Full.ROI,Endothelial Tip,0.024235829,16618,9454,Ventromedial hypothalamic nucleus,F
D5761.(3).|.018.|.Full.ROI,Endothelial Stalk,0.015463034,16618,9454,Ventromedial hypothalamic nucleus,G
D5761.(3).|.018.|.Full.ROI,Choroid Plexus,0,16618,9454,Ventromedial hypothalamic nucleus,H
D5761.(3).|.018.|.Full.ROI,Oligodendrocyte,0.006552953,16618,9454,Ventromedial hypothalamic nucleus,I
D5761.(3).|.018.|.Full.ROI,Ependymal,0.034720208,16618,9454,Ventromedial hypothalamic nucleus,J
D5761.(3).|.018.|.Full.ROI,Mural,0.000584258,16618,9454,Ventromedial hypothalamic nucleus,K
D5761.(3).|.022.|.Full.ROI,Neuron,0.433752409,12758.08887,15969.85938,Thalamus,A
D5761.(3).|.022.|.Full.ROI,Microglia,0.101976038,12758.08887,15969.85938,Thalamus,B
D5761.(3).|.022.|.Full.ROI,Astrocyte,0.126621114,12758.08887,15969.85938,Thalamus,C
D5761.(3).|.022.|.Full.ROI,Polydendrocyte,0.212355827,12758.08887,15969.85938,Thalamus,D
D5761.(3).|.022.|.Full.ROI,Macrophage,0.038571508,12758.08887,15969.85938,Thalamus,E
D5761.(3).|.022.|.Full.ROI,Endothelial Tip,0.014397172,12758.08887,15969.85938,Thalamus,F
D5761.(3).|.022.|.Full.ROI,Endothelial Stalk,0.033654981,12758.08887,15969.85938,Thalamus,G
D5761.(3).|.022.|.Full.ROI,Choroid Plexus,0,12758.08887,15969.85938,Thalamus,H
D5761.(3).|.022.|.Full.ROI,Oligodendrocyte,0.036453974,12758.08887,15969.85938,Thalamus,I
D5761.(3).|.022.|.Full.ROI,Ependymal,0,12758.08887,15969.85938,Thalamus,J
D5761.(3).|.022.|.Full.ROI,Mural,0.002216977,12758.08887,15969.85938,Thalamus,K
D5761.(3).|.023.|.Full.ROI,Neuron,0.471104003,12903.71094,14974.77734,Thalamus,A
D5761.(3).|.023.|.Full.ROI,Microglia,0.059769896,12903.71094,14974.77734,Thalamus,B
D5761.(3).|.023.|.Full.ROI,Astrocyte,0.127303507,12903.71094,14974.77734,Thalamus,C
D5761.(3).|.023.|.Full.ROI,Polydendrocyte,0.220856615,12903.71094,14974.77734,Thalamus,D
D5761.(3).|.023.|.Full.ROI,Macrophage,0.026829156,12903.71094,14974.77734,Thalamus,E
D5761.(3).|.023.|.Full.ROI,Endothelial Tip,0.010261839,12903.71094,14974.77734,Thalamus,F
D5761.(3).|.023.|.Full.ROI,Endothelial Stalk,0.042734597,12903.71094,14974.77734,Thalamus,G
D5761.(3).|.023.|.Full.ROI,Choroid Plexus,0.001066881,12903.71094,14974.77734,Thalamus,H
D5761.(3).|.023.|.Full.ROI,Oligodendrocyte,0.031164679,12903.71094,14974.77734,Thalamus,I
D5761.(3).|.023.|.Full.ROI,Ependymal,0,12903.71094,14974.77734,Thalamus,J
D5761.(3).|.023.|.Full.ROI,Mural,0.008908828,12903.71094,14974.77734,Thalamus,K
D5761.(3).|.024.|.Full.ROI,Neuron,0.367084299,13316.30664,14198.12695,Thalamus,A
D5761.(3).|.024.|.Full.ROI,Microglia,0.079983844,13316.30664,14198.12695,Thalamus,B
D5761.(3).|.024.|.Full.ROI,Astrocyte,0.11817767,13316.30664,14198.12695,Thalamus,C
D5761.(3).|.024.|.Full.ROI,Polydendrocyte,0.19706486,13316.30664,14198.12695,Thalamus,D
D5761.(3).|.024.|.Full.ROI,Macrophage,0,13316.30664,14198.12695,Thalamus,E
D5761.(3).|.024.|.Full.ROI,Endothelial Tip,0.094247694,13316.30664,14198.12695,Thalamus,F
D5761.(3).|.024.|.Full.ROI,Endothelial Stalk,0.052709763,13316.30664,14198.12695,Thalamus,G
D5761.(3).|.024.|.Full.ROI,Choroid Plexus,0,13316.30664,14198.12695,Thalamus,H
D5761.(3).|.024.|.Full.ROI,Oligodendrocyte,0.056042933,13316.30664,14198.12695,Thalamus,I
D5761.(3).|.024.|.Full.ROI,Ependymal,0.001049713,13316.30664,14198.12695,Thalamus,J
D5761.(3).|.024.|.Full.ROI,Mural,0.033639223,13316.30664,14198.12695,Thalamus,K
D5761.(3).|.027.|.Full.ROI,Neuron,0.50644055,14661.28906,14280.1377,Mediodorsal thalamus,A
D5761.(3).|.027.|.Full.ROI,Microglia,0.090303328,14661.28906,14280.1377,Mediodorsal thalamus,B
D5761.(3).|.027.|.Full.ROI,Astrocyte,0.124277669,14661.28906,14280.1377,Mediodorsal thalamus,C
D5761.(3).|.027.|.Full.ROI,Polydendrocyte,0.149827553,14661.28906,14280.1377,Mediodorsal thalamus,D
D5761.(3).|.027.|.Full.ROI,Macrophage,0.063769941,14661.28906,14280.1377,Mediodorsal thalamus,E
D5761.(3).|.027.|.Full.ROI,Endothelial Tip,0.00240465,14661.28906,14280.1377,Mediodorsal thalamus,F
D5761.(3).|.027.|.Full.ROI,Endothelial Stalk,0.019819025,14661.28906,14280.1377,Mediodorsal thalamus,G
D5761.(3).|.027.|.Full.ROI,Choroid Plexus,0,14661.28906,14280.1377,Mediodorsal thalamus,H
D5761.(3).|.027.|.Full.ROI,Oligodendrocyte,0.04231084,14661.28906,14280.1377,Mediodorsal thalamus,I
D5761.(3).|.027.|.Full.ROI,Ependymal,0.000846443,14661.28906,14280.1377,Mediodorsal thalamus,J
D5761.(3).|.027.|.Full.ROI,Mural,0,14661.28906,14280.1377,Mediodorsal thalamus,K
D5761.(3).|.028.|.Full.ROI,Neuron,0.398504957,14050.40234,15162.5293,Mediodorsal thalamus,A
D5761.(3).|.028.|.Full.ROI,Microglia,0.055460198,14050.40234,15162.5293,Mediodorsal thalamus,B
D5761.(3).|.028.|.Full.ROI,Astrocyte,0.122323652,14050.40234,15162.5293,Mediodorsal thalamus,C
D5761.(3).|.028.|.Full.ROI,Polydendrocyte,0.213426819,14050.40234,15162.5293,Mediodorsal thalamus,D
D5761.(3).|.028.|.Full.ROI,Macrophage,0.099860524,14050.40234,15162.5293,Mediodorsal thalamus,E
D5761.(3).|.028.|.Full.ROI,Endothelial Tip,0.02723365,14050.40234,15162.5293,Mediodorsal thalamus,F
D5761.(3).|.028.|.Full.ROI,Endothelial Stalk,0.024806119,14050.40234,15162.5293,Mediodorsal thalamus,G
D5761.(3).|.028.|.Full.ROI,Choroid Plexus,0.000219447,14050.40234,15162.5293,Mediodorsal thalamus,H
D5761.(3).|.028.|.Full.ROI,Oligodendrocyte,0.042824104,14050.40234,15162.5293,Mediodorsal thalamus,I
D5761.(3).|.028.|.Full.ROI,Ependymal,0.006344438,14050.40234,15162.5293,Mediodorsal thalamus,J
D5761.(3).|.028.|.Full.ROI,Mural,0.008996092,14050.40234,15162.5293,Mediodorsal thalamus,K
D5761.(3).|.029.|.Full.ROI,Neuron,0.484302532,14891.02441,15063.32617,Mediodorsal thalamus,A
D5761.(3).|.029.|.Full.ROI,Microglia,0.076512733,14891.02441,15063.32617,Mediodorsal thalamus,B
D5761.(3).|.029.|.Full.ROI,Astrocyte,0.160959348,14891.02441,15063.32617,Mediodorsal thalamus,C
D5761.(3).|.029.|.Full.ROI,Polydendrocyte,0.190557147,14891.02441,15063.32617,Mediodorsal thalamus,D
D5761.(3).|.029.|.Full.ROI,Macrophage,0.025223401,14891.02441,15063.32617,Mediodorsal thalamus,E
D5761.(3).|.029.|.Full.ROI,Endothelial Tip,0,14891.02441,15063.32617,Mediodorsal thalamus,F
D5761.(3).|.029.|.Full.ROI,Endothelial Stalk,0.035612482,14891.02441,15063.32617,Mediodorsal thalamus,G
D5761.(3).|.029.|.Full.ROI,Choroid Plexus,0.000992555,14891.02441,15063.32617,Mediodorsal thalamus,H
D5761.(3).|.029.|.Full.ROI,Oligodendrocyte,0.023944424,14891.02441,15063.32617,Mediodorsal thalamus,I
D5761.(3).|.029.|.Full.ROI,Ependymal,0.000951987,14891.02441,15063.32617,Mediodorsal thalamus,J
D5761.(3).|.029.|.Full.ROI,Mural,0.000943391,14891.02441,15063.32617,Mediodorsal thalamus,K
D5761.(3).|.025.|.Full.ROI,Neuron,0.493421882,14934,16070,Thalamic paraventricular nucleus,A
D5761.(3).|.025.|.Full.ROI,Microglia,0.068492235,14934,16070,Thalamic paraventricular nucleus,B
D5761.(3).|.025.|.Full.ROI,Astrocyte,0.124723075,14934,16070,Thalamic paraventricular nucleus,C
D5761.(3).|.025.|.Full.ROI,Polydendrocyte,0.166508907,14934,16070,Thalamic paraventricular nucleus,D
D5761.(3).|.025.|.Full.ROI,Macrophage,0.035790845,14934,16070,Thalamic paraventricular nucleus,E
D5761.(3).|.025.|.Full.ROI,Endothelial Tip,0.061237706,14934,16070,Thalamic paraventricular nucleus,F
D5761.(3).|.025.|.Full.ROI,Endothelial Stalk,0.01991062,14934,16070,Thalamic paraventricular nucleus,G
D5761.(3).|.025.|.Full.ROI,Choroid Plexus,0.002115072,14934,16070,Thalamic paraventricular nucleus,H
D5761.(3).|.025.|.Full.ROI,Oligodendrocyte,0.000693525,14934,16070,Thalamic paraventricular nucleus,I
D5761.(3).|.025.|.Full.ROI,Ependymal,0.018066291,14934,16070,Thalamic paraventricular nucleus,J
D5761.(3).|.025.|.Full.ROI,Mural,0.009039841,14934,16070,Thalamic paraventricular nucleus,K
D5761.(3).|.026.|.Full.ROI,Neuron,0.479844466,15981,16089,Thalamic paraventricular nucleus,A
D5761.(3).|.026.|.Full.ROI,Microglia,0.051325722,15981,16089,Thalamic paraventricular nucleus,B
D5761.(3).|.026.|.Full.ROI,Astrocyte,0.129928092,15981,16089,Thalamic paraventricular nucleus,C
D5761.(3).|.026.|.Full.ROI,Polydendrocyte,0.188512991,15981,16089,Thalamic paraventricular nucleus,D
D5761.(3).|.026.|.Full.ROI,Macrophage,0.053776348,15981,16089,Thalamic paraventricular nucleus,E
D5761.(3).|.026.|.Full.ROI,Endothelial Tip,0.046026941,15981,16089,Thalamic paraventricular nucleus,F
D5761.(3).|.026.|.Full.ROI,Endothelial Stalk,0.025010362,15981,16089,Thalamic paraventricular nucleus,G
D5761.(3).|.026.|.Full.ROI,Choroid Plexus,0.000171795,15981,16089,Thalamic paraventricular nucleus,H
D5761.(3).|.026.|.Full.ROI,Oligodendrocyte,0.005478367,15981,16089,Thalamic paraventricular nucleus,I
D5761.(3).|.026.|.Full.ROI,Ependymal,0.019924915,15981,16089,Thalamic paraventricular nucleus,J
D5761.(3).|.026.|.Full.ROI,Mural,0,15981,16089,Thalamic paraventricular nucleus,K
D5761.(3).|.001.|.Full.ROI,Neuron,0.386839182,10739.47266,15384.36133,Thalamic ventral posteromedial nucleus,A
D5761.(3).|.001.|.Full.ROI,Microglia,0.066754135,10739.47266,15384.36133,Thalamic ventral posteromedial nucleus,B
D5761.(3).|.001.|.Full.ROI,Astrocyte,0.135962637,10739.47266,15384.36133,Thalamic ventral posteromedial nucleus,C
D5761.(3).|.001.|.Full.ROI,Polydendrocyte,0.122942957,10739.47266,15384.36133,Thalamic ventral posteromedial nucleus,D
D5761.(3).|.001.|.Full.ROI,Macrophage,0.060160437,10739.47266,15384.36133,Thalamic ventral posteromedial nucleus,E
D5761.(3).|.001.|.Full.ROI,Endothelial Tip,0.08473977,10739.47266,15384.36133,Thalamic ventral posteromedial nucleus,F
D5761.(3).|.001.|.Full.ROI,Endothelial Stalk,0.045258103,10739.47266,15384.36133,Thalamic ventral posteromedial nucleus,G
D5761.(3).|.001.|.Full.ROI,Choroid Plexus,0,10739.47266,15384.36133,Thalamic ventral posteromedial nucleus,H
D5761.(3).|.001.|.Full.ROI,Oligodendrocyte,0.042750609,10739.47266,15384.36133,Thalamic ventral posteromedial nucleus,I
D5761.(3).|.001.|.Full.ROI,Ependymal,0.011240614,10739.47266,15384.36133,Thalamic ventral posteromedial nucleus,J
D5761.(3).|.001.|.Full.ROI,Mural,0.043351556,10739.47266,15384.36133,Thalamic ventral posteromedial nucleus,K
D5761.(3).|.006.|.Full.ROI,Neuron,0.483890728,11131.97852,14634.99316,Thalamic ventral posteromedial nucleus,A
D5761.(3).|.006.|.Full.ROI,Microglia,0.026880086,11131.97852,14634.99316,Thalamic ventral posteromedial nucleus,B
D5761.(3).|.006.|.Full.ROI,Astrocyte,0.189258833,11131.97852,14634.99316,Thalamic ventral posteromedial nucleus,C
D5761.(3).|.006.|.Full.ROI,Polydendrocyte,0.092038612,11131.97852,14634.99316,Thalamic ventral posteromedial nucleus,D
D5761.(3).|.006.|.Full.ROI,Macrophage,0.058198774,11131.97852,14634.99316,Thalamic ventral posteromedial nucleus,E
D5761.(3).|.006.|.Full.ROI,Endothelial Tip,0.015942508,11131.97852,14634.99316,Thalamic ventral posteromedial nucleus,F
D5761.(3).|.006.|.Full.ROI,Endothelial Stalk,0.042177009,11131.97852,14634.99316,Thalamic ventral posteromedial nucleus,G
D5761.(3).|.006.|.Full.ROI,Choroid Plexus,0,11131.97852,14634.99316,Thalamic ventral posteromedial nucleus,H
D5761.(3).|.006.|.Full.ROI,Oligodendrocyte,0.066115627,11131.97852,14634.99316,Thalamic ventral posteromedial nucleus,I
D5761.(3).|.006.|.Full.ROI,Ependymal,0,11131.97852,14634.99316,Thalamic ventral posteromedial nucleus,J
D5761.(3).|.006.|.Full.ROI,Mural,0.025497824,11131.97852,14634.99316,Thalamic ventral posteromedial nucleus,K
D5761.(3).|.007.|.Full.ROI,Neuron,0.440031088,11771.09668,14092.95605,Thalamic ventral posteromedial nucleus,A
D5761.(3).|.007.|.Full.ROI,Microglia,0.061322036,11771.09668,14092.95605,Thalamic ventral posteromedial nucleus,B
D5761.(3).|.007.|.Full.ROI,Astrocyte,0.168482937,11771.09668,14092.95605,Thalamic ventral posteromedial nucleus,C
D5761.(3).|.007.|.Full.ROI,Polydendrocyte,0.153333844,11771.09668,14092.95605,Thalamic ventral posteromedial nucleus,D
D5761.(3).|.007.|.Full.ROI,Macrophage,0.051394165,11771.09668,14092.95605,Thalamic ventral posteromedial nucleus,E
D5761.(3).|.007.|.Full.ROI,Endothelial Tip,0.011166669,11771.09668,14092.95605,Thalamic ventral posteromedial nucleus,F
D5761.(3).|.007.|.Full.ROI,Endothelial Stalk,0.036868075,11771.09668,14092.95605,Thalamic ventral posteromedial nucleus,G
D5761.(3).|.007.|.Full.ROI,Choroid Plexus,0,11771.09668,14092.95605,Thalamic ventral posteromedial nucleus,H
D5761.(3).|.007.|.Full.ROI,Oligodendrocyte,0.068231155,11771.09668,14092.95605,Thalamic ventral posteromedial nucleus,I
D5761.(3).|.007.|.Full.ROI,Ependymal,0,11771.09668,14092.95605,Thalamic ventral posteromedial nucleus,J
D5761.(3).|.007.|.Full.ROI,Mural,0.00917003,11771.09668,14092.95605,Thalamic ventral posteromedial nucleus,K
D5761.(3).|.004.|.Full.ROI,Neuron,0.264958662,14345,16694,Lateral habenula,A
D5761.(3).|.004.|.Full.ROI,Microglia,0.073227287,14345,16694,Lateral habenula,B
D5761.(3).|.004.|.Full.ROI,Astrocyte,0.154403863,14345,16694,Lateral habenula,C
D5761.(3).|.004.|.Full.ROI,Polydendrocyte,0.235186769,14345,16694,Lateral habenula,D
D5761.(3).|.004.|.Full.ROI,Macrophage,0.042348657,14345,16694,Lateral habenula,E
D5761.(3).|.004.|.Full.ROI,Endothelial Tip,0.083580023,14345,16694,Lateral habenula,F
D5761.(3).|.004.|.Full.ROI,Endothelial Stalk,0.033546236,14345,16694,Lateral habenula,G
D5761.(3).|.004.|.Full.ROI,Choroid Plexus,0.000756063,14345,16694,Lateral habenula,H
D5761.(3).|.004.|.Full.ROI,Oligodendrocyte,0.062602961,14345,16694,Lateral habenula,I
D5761.(3).|.004.|.Full.ROI,Ependymal,0.022690056,14345,16694,Lateral habenula,J
D5761.(3).|.004.|.Full.ROI,Mural,0.026699423,14345,16694,Lateral habenula,K
D5761.(3).|.005.|.Full.ROI,Neuron,0.263681884,16494,16755,Lateral habenula,A
D5761.(3).|.005.|.Full.ROI,Microglia,0.076047602,16494,16755,Lateral habenula,B
D5761.(3).|.005.|.Full.ROI,Astrocyte,0.151155238,16494,16755,Lateral habenula,C
D5761.(3).|.005.|.Full.ROI,Polydendrocyte,0.242834158,16494,16755,Lateral habenula,D
D5761.(3).|.005.|.Full.ROI,Macrophage,0.046436212,16494,16755,Lateral habenula,E
D5761.(3).|.005.|.Full.ROI,Endothelial Tip,0.090692142,16494,16755,Lateral habenula,F
D5761.(3).|.005.|.Full.ROI,Endothelial Stalk,0.03397565,16494,16755,Lateral habenula,G
D5761.(3).|.005.|.Full.ROI,Choroid Plexus,0.000349859,16494,16755,Lateral habenula,H
D5761.(3).|.005.|.Full.ROI,Oligodendrocyte,0.063564292,16494,16755,Lateral habenula,I
D5761.(3).|.005.|.Full.ROI,Ependymal,0.024396678,16494,16755,Lateral habenula,J
D5761.(3).|.005.|.Full.ROI,Mural,0.006866284,16494,16755,Lateral habenula,K
D5761.(3).|.002.|.Full.ROI,Neuron,0.20635573,14737,17249,Medial habenula,A
D5761.(3).|.002.|.Full.ROI,Microglia,0.052884617,14737,17249,Medial habenula,B
D5761.(3).|.002.|.Full.ROI,Astrocyte,0.061012779,14737,17249,Medial habenula,C
D5761.(3).|.002.|.Full.ROI,Polydendrocyte,0.290268739,14737,17249,Medial habenula,D
D5761.(3).|.002.|.Full.ROI,Macrophage,0.043545073,14737,17249,Medial habenula,E
D5761.(3).|.002.|.Full.ROI,Endothelial Tip,0.109525365,14737,17249,Medial habenula,F
D5761.(3).|.002.|.Full.ROI,Endothelial Stalk,0.017169079,14737,17249,Medial habenula,G
D5761.(3).|.002.|.Full.ROI,Choroid Plexus,0.167313141,14737,17249,Medial habenula,H
D5761.(3).|.002.|.Full.ROI,Oligodendrocyte,0.012702934,14737,17249,Medial habenula,I
D5761.(3).|.002.|.Full.ROI,Ependymal,0.03568681,14737,17249,Medial habenula,J
D5761.(3).|.002.|.Full.ROI,Mural,0.003535734,14737,17249,Medial habenula,K
D5761.(3).|.003.|.Full.ROI,Neuron,0.186352309,16115,17239,Medial habenula,A
D5761.(3).|.003.|.Full.ROI,Microglia,0.05385985,16115,17239,Medial habenula,B
D5761.(3).|.003.|.Full.ROI,Astrocyte,0.058614358,16115,17239,Medial habenula,C
D5761.(3).|.003.|.Full.ROI,Polydendrocyte,0.307390785,16115,17239,Medial habenula,D
D5761.(3).|.003.|.Full.ROI,Macrophage,0.04714572,16115,17239,Medial habenula,E
D5761.(3).|.003.|.Full.ROI,Endothelial Tip,0.111401393,16115,17239,Medial habenula,F
D5761.(3).|.003.|.Full.ROI,Endothelial Stalk,0.014070664,16115,17239,Medial habenula,G
D5761.(3).|.003.|.Full.ROI,Choroid Plexus,0.168612634,16115,17239,Medial habenula,H
D5761.(3).|.003.|.Full.ROI,Oligodendrocyte,0.009019097,16115,17239,Medial habenula,I
D5761.(3).|.003.|.Full.ROI,Ependymal,0.039373782,16115,17239,Medial habenula,J
D5761.(3).|.003.|.Full.ROI,Mural,0.004159407,16115,17239,Medial habenula,K
