Sample_ID,Cell_type,Proportion,X_position,Y_position,type
D5761.(3).|.043.|.Full.ROI,Neuron,0.165429069961393,5899,21442,Cortical layer I
D5761.(3).|.043.|.Full.ROI,Microglia,0.251101988085598,5899,21442,Cortical layer I
D5761.(3).|.043.|.Full.ROI,Astrocyte,0.208145307462492,5899,21442,Cortical layer I
D5761.(3).|.043.|.Full.ROI,Polydendrocyte,0.00964690031122803,5899,21442,Cortical layer I
D5761.(3).|.043.|.Full.ROI,Macrophage,0.132881166043837,5899,21442,Cortical layer I
D5761.(3).|.043.|.Full.ROI,Endothelial Tip,0.132986518051977,5899,21442,Cortical layer I
D5761.(3).|.043.|.Full.ROI,Endothelial Stalk,0.0869065344791876,5899,21442,Cortical layer I
D5761.(3).|.043.|.Full.ROI,Choroid Plexus,0.000936759066873985,5899,21442,Cortical layer I
D5761.(3).|.043.|.Full.ROI,Oligodendrocyte,0,5899,21442,Cortical layer I
D5761.(3).|.043.|.Full.ROI,Ependymal,0.00406366021242427,5899,21442,Cortical layer I
D5761.(3).|.043.|.Full.ROI,Mural,0.00790209632498943,5899,21442,Cortical layer I
D5761.(3).|.053.|.Full.ROI,Neuron,0.183171246412178,8852,23021,Cortical layer I
D5761.(3).|.053.|.Full.ROI,Microglia,0.252815449443,8852,23021,Cortical layer I
D5761.(3).|.053.|.Full.ROI,Astrocyte,0.250130577525863,8852,23021,Cortical layer I
D5761.(3).|.053.|.Full.ROI,Polydendrocyte,0.058598388708145,8852,23021,Cortical layer I
D5761.(3).|.053.|.Full.ROI,Macrophage,0.13406016816242,8852,23021,Cortical layer I
D5761.(3).|.053.|.Full.ROI,Endothelial Tip,0.0269760366199051,8852,23021,Cortical layer I
D5761.(3).|.053.|.Full.ROI,Endothelial Stalk,0.0836403042278023,8852,23021,Cortical layer I
D5761.(3).|.053.|.Full.ROI,Choroid Plexus,0,8852,23021,Cortical layer I
D5761.(3).|.053.|.Full.ROI,Oligodendrocyte,0,8852,23021,Cortical layer I
D5761.(3).|.053.|.Full.ROI,Ependymal,0.000560899320791234,8852,23021,Cortical layer I
D5761.(3).|.053.|.Full.ROI,Mural,0.0100469295798955,8852,23021,Cortical layer I
D5761.(3).|.044.|.Full.ROI,Neuron,0.598053920630948,6083,21055,Cortical layer II/III
D5761.(3).|.044.|.Full.ROI,Microglia,0.15396936559683,6083,21055,Cortical layer II/III
D5761.(3).|.044.|.Full.ROI,Astrocyte,0.0937396483639022,6083,21055,Cortical layer II/III
D5761.(3).|.044.|.Full.ROI,Polydendrocyte,0.0393042878108725,6083,21055,Cortical layer II/III
D5761.(3).|.044.|.Full.ROI,Macrophage,0.0474960080671335,6083,21055,Cortical layer II/III
D5761.(3).|.044.|.Full.ROI,Endothelial Tip,0.0353353599412355,6083,21055,Cortical layer II/III
D5761.(3).|.044.|.Full.ROI,Endothelial Stalk,0.0276715715643878,6083,21055,Cortical layer II/III
D5761.(3).|.044.|.Full.ROI,Choroid Plexus,0.000188590893068282,6083,21055,Cortical layer II/III
D5761.(3).|.044.|.Full.ROI,Oligodendrocyte,0,6083,21055,Cortical layer II/III
D5761.(3).|.044.|.Full.ROI,Ependymal,0.00424124713162158,6083,21055,Cortical layer II/III
D5761.(3).|.044.|.Full.ROI,Mural,0,6083,21055,Cortical layer II/III
D5761.(3).|.054.|.Full.ROI,Neuron,0.638290554366418,8968,22536,Cortical layer II/III
D5761.(3).|.054.|.Full.ROI,Microglia,0.156906700294264,8968,22536,Cortical layer II/III
D5761.(3).|.054.|.Full.ROI,Astrocyte,0.10749779728242,8968,22536,Cortical layer II/III
D5761.(3).|.054.|.Full.ROI,Polydendrocyte,0.0158116320849161,8968,22536,Cortical layer II/III
D5761.(3).|.054.|.Full.ROI,Macrophage,0.029351452303538,8968,22536,Cortical layer II/III
D5761.(3).|.054.|.Full.ROI,Endothelial Tip,0.0121822476255619,8968,22536,Cortical layer II/III
D5761.(3).|.054.|.Full.ROI,Endothelial Stalk,0.0311223394042947,8968,22536,Cortical layer II/III
D5761.(3).|.054.|.Full.ROI,Choroid Plexus,0.000114962822450127,8968,22536,Cortical layer II/III
D5761.(3).|.054.|.Full.ROI,Oligodendrocyte,0,8968,22536,Cortical layer II/III
D5761.(3).|.054.|.Full.ROI,Ependymal,0.00872231381613739,8968,22536,Cortical layer II/III
D5761.(3).|.054.|.Full.ROI,Mural,0,8968,22536,Cortical layer II/III
D5761.(3).|.064.|.Full.ROI,Neuron,0.658262467976436,4148,18512,Cortical layer II/III
D5761.(3).|.064.|.Full.ROI,Microglia,0.144806444669543,4148,18512,Cortical layer II/III
D5761.(3).|.064.|.Full.ROI,Astrocyte,0.0799220314842296,4148,18512,Cortical layer II/III
D5761.(3).|.064.|.Full.ROI,Polydendrocyte,0,4148,18512,Cortical layer II/III
D5761.(3).|.064.|.Full.ROI,Macrophage,0.0272982829873376,4148,18512,Cortical layer II/III
D5761.(3).|.064.|.Full.ROI,Endothelial Tip,0.0204314141383605,4148,18512,Cortical layer II/III
D5761.(3).|.064.|.Full.ROI,Endothelial Stalk,0.0327860399335618,4148,18512,Cortical layer II/III
D5761.(3).|.064.|.Full.ROI,Choroid Plexus,0,4148,18512,Cortical layer II/III
D5761.(3).|.064.|.Full.ROI,Oligodendrocyte,0,4148,18512,Cortical layer II/III
D5761.(3).|.064.|.Full.ROI,Ependymal,0.000440297338618144,4148,18512,Cortical layer II/III
D5761.(3).|.064.|.Full.ROI,Mural,0.0360530214719127,4148,18512,Cortical layer II/III
D5761.(3).|.049.|.NeuN+,Neuron,0.786732384086193,5038,19845,Cortical layer II/III - NeuN+
D5761.(3).|.049.|.NeuN+,Microglia,0.110277608716113,5038,19845,Cortical layer II/III - NeuN+
D5761.(3).|.049.|.NeuN+,Astrocyte,0.0227917799743185,5038,19845,Cortical layer II/III - NeuN+
D5761.(3).|.049.|.NeuN+,Polydendrocyte,0,5038,19845,Cortical layer II/III - NeuN+
D5761.(3).|.049.|.NeuN+,Macrophage,0.0525851627750445,5038,19845,Cortical layer II/III - NeuN+
D5761.(3).|.049.|.NeuN+,Endothelial Tip,0.00886811149043581,5038,19845,Cortical layer II/III - NeuN+
D5761.(3).|.049.|.NeuN+,Endothelial Stalk,0.00874318864360196,5038,19845,Cortical layer II/III - NeuN+
D5761.(3).|.049.|.NeuN+,Choroid Plexus,0,5038,19845,Cortical layer II/III - NeuN+
D5761.(3).|.049.|.NeuN+,Oligodendrocyte,0,5038,19845,Cortical layer II/III - NeuN+
D5761.(3).|.049.|.NeuN+,Ependymal,0.0100017643142935,5038,19845,Cortical layer II/III - NeuN+
D5761.(3).|.049.|.NeuN+,Mural,0,5038,19845,Cortical layer II/III - NeuN+
D5761.(3).|.059.|.NeuN+,Neuron,0.765187910807316,7386,21866,Cortical layer II/III - NeuN+
D5761.(3).|.059.|.NeuN+,Microglia,0.078488161925594,7386,21866,Cortical layer II/III - NeuN+
D5761.(3).|.059.|.NeuN+,Astrocyte,0.0355523046232446,7386,21866,Cortical layer II/III - NeuN+
D5761.(3).|.059.|.NeuN+,Polydendrocyte,0,7386,21866,Cortical layer II/III - NeuN+
D5761.(3).|.059.|.NeuN+,Macrophage,0.0198778730488401,7386,21866,Cortical layer II/III - NeuN+
D5761.(3).|.059.|.NeuN+,Endothelial Tip,0.0521013094555922,7386,21866,Cortical layer II/III - NeuN+
D5761.(3).|.059.|.NeuN+,Endothelial Stalk,0.017754460047076,7386,21866,Cortical layer II/III - NeuN+
D5761.(3).|.059.|.NeuN+,Choroid Plexus,0,7386,21866,Cortical layer II/III - NeuN+
D5761.(3).|.059.|.NeuN+,Oligodendrocyte,0,7386,21866,Cortical layer II/III - NeuN+
D5761.(3).|.059.|.NeuN+,Ependymal,0.0138802801545211,7386,21866,Cortical layer II/III - NeuN+
D5761.(3).|.059.|.NeuN+,Mural,0.017157699937816,7386,21866,Cortical layer II/III - NeuN+
D5761.(3).|.069.|.NeuN+,Neuron,0.824083991744832,10355,22958,Cortical layer II/III - NeuN+
D5761.(3).|.069.|.NeuN+,Microglia,0.0723317040533758,10355,22958,Cortical layer II/III - NeuN+
D5761.(3).|.069.|.NeuN+,Astrocyte,0.0175808668475586,10355,22958,Cortical layer II/III - NeuN+
D5761.(3).|.069.|.NeuN+,Polydendrocyte,0.0166500888301536,10355,22958,Cortical layer II/III - NeuN+
D5761.(3).|.069.|.NeuN+,Macrophage,0.0274178017829274,10355,22958,Cortical layer II/III - NeuN+
D5761.(3).|.069.|.NeuN+,Endothelial Tip,0.00052931745834994,10355,22958,Cortical layer II/III - NeuN+
D5761.(3).|.069.|.NeuN+,Endothelial Stalk,0.0191345900751839,10355,22958,Cortical layer II/III - NeuN+
D5761.(3).|.069.|.NeuN+,Choroid Plexus,0.000105288446172855,10355,22958,Cortical layer II/III - NeuN+
D5761.(3).|.069.|.NeuN+,Oligodendrocyte,0,10355,22958,Cortical layer II/III - NeuN+
D5761.(3).|.069.|.NeuN+,Ependymal,0.0208947909089116,10355,22958,Cortical layer II/III - NeuN+
D5761.(3).|.069.|.NeuN+,Mural,0.00127155985253416,10355,22958,Cortical layer II/III - NeuN+
D5761.(3).|.049.|.DNA,Neuron,0.334583426456816,5038,19845,Cortical layer II/III - Neuropil
D5761.(3).|.049.|.DNA,Microglia,0.21732533886693,5038,19845,Cortical layer II/III - Neuropil
D5761.(3).|.049.|.DNA,Astrocyte,0.220953032868335,5038,19845,Cortical layer II/III - Neuropil
D5761.(3).|.049.|.DNA,Polydendrocyte,0.0480077836442092,5038,19845,Cortical layer II/III - Neuropil
D5761.(3).|.049.|.DNA,Macrophage,0.0859203776277857,5038,19845,Cortical layer II/III - Neuropil
D5761.(3).|.049.|.DNA,Endothelial Tip,0,5038,19845,Cortical layer II/III - Neuropil
D5761.(3).|.049.|.DNA,Endothelial Stalk,0.0584338921765772,5038,19845,Cortical layer II/III - Neuropil
D5761.(3).|.049.|.DNA,Choroid Plexus,0,5038,19845,Cortical layer II/III - Neuropil
D5761.(3).|.049.|.DNA,Oligodendrocyte,0.0154612064696353,5038,19845,Cortical layer II/III - Neuropil
D5761.(3).|.049.|.DNA,Ependymal,0,5038,19845,Cortical layer II/III - Neuropil
D5761.(3).|.049.|.DNA,Mural,0.0193149418897127,5038,19845,Cortical layer II/III - Neuropil
D5761.(3).|.059.|.DNA,Neuron,0.396710313799132,7386,21866,Cortical layer II/III - Neuropil
D5761.(3).|.059.|.DNA,Microglia,0.27727061751414,7386,21866,Cortical layer II/III - Neuropil
D5761.(3).|.059.|.DNA,Astrocyte,0.254401164626606,7386,21866,Cortical layer II/III - Neuropil
D5761.(3).|.059.|.DNA,Polydendrocyte,0,7386,21866,Cortical layer II/III - Neuropil
D5761.(3).|.059.|.DNA,Macrophage,0,7386,21866,Cortical layer II/III - Neuropil
D5761.(3).|.059.|.DNA,Endothelial Tip,0,7386,21866,Cortical layer II/III - Neuropil
D5761.(3).|.059.|.DNA,Endothelial Stalk,0.05386592580275,7386,21866,Cortical layer II/III - Neuropil
D5761.(3).|.059.|.DNA,Choroid Plexus,0,7386,21866,Cortical layer II/III - Neuropil
D5761.(3).|.059.|.DNA,Oligodendrocyte,0.00971783511070755,7386,21866,Cortical layer II/III - Neuropil
D5761.(3).|.059.|.DNA,Ependymal,0,7386,21866,Cortical layer II/III - Neuropil
D5761.(3).|.059.|.DNA,Mural,0.00803414314666445,7386,21866,Cortical layer II/III - Neuropil
D5761.(3).|.069.|.DNA,Neuron,0.405941336706085,10355,22958,Cortical layer II/III - Neuropil
D5761.(3).|.069.|.DNA,Microglia,0.27937522095598,10355,22958,Cortical layer II/III - Neuropil
D5761.(3).|.069.|.DNA,Astrocyte,0.222162644995029,10355,22958,Cortical layer II/III - Neuropil
D5761.(3).|.069.|.DNA,Polydendrocyte,0,10355,22958,Cortical layer II/III - Neuropil
D5761.(3).|.069.|.DNA,Macrophage,0.0183796291970931,10355,22958,Cortical layer II/III - Neuropil
D5761.(3).|.069.|.DNA,Endothelial Tip,0.00410174703642548,10355,22958,Cortical layer II/III - Neuropil
D5761.(3).|.069.|.DNA,Endothelial Stalk,0.0581097668615763,10355,22958,Cortical layer II/III - Neuropil
D5761.(3).|.069.|.DNA,Choroid Plexus,0.000645544643796419,10355,22958,Cortical layer II/III - Neuropil
D5761.(3).|.069.|.DNA,Oligodendrocyte,0.00175519974875554,10355,22958,Cortical layer II/III - Neuropil
D5761.(3).|.069.|.DNA,Ependymal,0,10355,22958,Cortical layer II/III - Neuropil
D5761.(3).|.069.|.DNA,Mural,0.0095289098552595,10355,22958,Cortical layer II/III - Neuropil
D5761.(3).|.045.|.Full.ROI,Neuron,0.594724423275396,6525,20614,Cortical layer IV
D5761.(3).|.045.|.Full.ROI,Microglia,0.0542656274619826,6525,20614,Cortical layer IV
D5761.(3).|.045.|.Full.ROI,Astrocyte,0.115615067672842,6525,20614,Cortical layer IV
D5761.(3).|.045.|.Full.ROI,Polydendrocyte,0.019074603147559,6525,20614,Cortical layer IV
D5761.(3).|.045.|.Full.ROI,Macrophage,0.0843790891431131,6525,20614,Cortical layer IV
D5761.(3).|.045.|.Full.ROI,Endothelial Tip,0.0572035972849084,6525,20614,Cortical layer IV
D5761.(3).|.045.|.Full.ROI,Endothelial Stalk,0.0364172339844289,6525,20614,Cortical layer IV
D5761.(3).|.045.|.Full.ROI,Choroid Plexus,0,6525,20614,Cortical layer IV
D5761.(3).|.045.|.Full.ROI,Oligodendrocyte,0.0204840227237246,6525,20614,Cortical layer IV
D5761.(3).|.045.|.Full.ROI,Ependymal,0.00427122288792591,6525,20614,Cortical layer IV
D5761.(3).|.045.|.Full.ROI,Mural,0.0135651124181193,6525,20614,Cortical layer IV
D5761.(3).|.055.|.Full.ROI,Neuron,0.606620773316729,9157,22058,Cortical layer IV
D5761.(3).|.055.|.Full.ROI,Microglia,0.133581941474329,9157,22058,Cortical layer IV
D5761.(3).|.055.|.Full.ROI,Astrocyte,0.0978678487095903,9157,22058,Cortical layer IV
D5761.(3).|.055.|.Full.ROI,Polydendrocyte,0.0649046857433209,9157,22058,Cortical layer IV
D5761.(3).|.055.|.Full.ROI,Macrophage,0.0268698148264553,9157,22058,Cortical layer IV
D5761.(3).|.055.|.Full.ROI,Endothelial Tip,0.0237681941097188,9157,22058,Cortical layer IV
D5761.(3).|.055.|.Full.ROI,Endothelial Stalk,0.0303223581805481,9157,22058,Cortical layer IV
D5761.(3).|.055.|.Full.ROI,Choroid Plexus,0.000148105561502598,9157,22058,Cortical layer IV
D5761.(3).|.055.|.Full.ROI,Oligodendrocyte,0.00617661847803658,9157,22058,Cortical layer IV
D5761.(3).|.055.|.Full.ROI,Ependymal,0.00973965959976861,9157,22058,Cortical layer IV
D5761.(3).|.055.|.Full.ROI,Mural,0,9157,22058,Cortical layer IV
D5761.(3).|.065.|.Full.ROI,Neuron,0.627119486169721,4576,18267,Cortical layer IV
D5761.(3).|.065.|.Full.ROI,Microglia,0.127249169296634,4576,18267,Cortical layer IV
D5761.(3).|.065.|.Full.ROI,Astrocyte,0.116466817349125,4576,18267,Cortical layer IV
D5761.(3).|.065.|.Full.ROI,Polydendrocyte,0.0509458188125551,4576,18267,Cortical layer IV
D5761.(3).|.065.|.Full.ROI,Macrophage,0.0519417461178574,4576,18267,Cortical layer IV
D5761.(3).|.065.|.Full.ROI,Endothelial Tip,0,4576,18267,Cortical layer IV
D5761.(3).|.065.|.Full.ROI,Endothelial Stalk,0.0203656198965166,4576,18267,Cortical layer IV
D5761.(3).|.065.|.Full.ROI,Choroid Plexus,0,4576,18267,Cortical layer IV
D5761.(3).|.065.|.Full.ROI,Oligodendrocyte,0.00591134235759074,4576,18267,Cortical layer IV
D5761.(3).|.065.|.Full.ROI,Ependymal,0,4576,18267,Cortical layer IV
D5761.(3).|.065.|.Full.ROI,Mural,0,4576,18267,Cortical layer IV
D5761.(3).|.050.|.NeuN+,Neuron,0.894361910683814,5556,19538,Cortical layer IV - NeuN+
D5761.(3).|.050.|.NeuN+,Microglia,0.0579671685980659,5556,19538,Cortical layer IV - NeuN+
D5761.(3).|.050.|.NeuN+,Astrocyte,0.020585005164009,5556,19538,Cortical layer IV - NeuN+
D5761.(3).|.050.|.NeuN+,Polydendrocyte,0.013104971028292,5556,19538,Cortical layer IV - NeuN+
D5761.(3).|.050.|.NeuN+,Macrophage,0.00662486813003941,5556,19538,Cortical layer IV - NeuN+
D5761.(3).|.050.|.NeuN+,Endothelial Tip,0,5556,19538,Cortical layer IV - NeuN+
D5761.(3).|.050.|.NeuN+,Endothelial Stalk,0.00524136669850666,5556,19538,Cortical layer IV - NeuN+
D5761.(3).|.050.|.NeuN+,Choroid Plexus,0,5556,19538,Cortical layer IV - NeuN+
D5761.(3).|.050.|.NeuN+,Oligodendrocyte,0.0021147096972731,5556,19538,Cortical layer IV - NeuN+
D5761.(3).|.050.|.NeuN+,Ependymal,0,5556,19538,Cortical layer IV - NeuN+
D5761.(3).|.050.|.NeuN+,Mural,0,5556,19538,Cortical layer IV - NeuN+
D5761.(3).|.060.|.NeuN+,Neuron,0.699486924933802,7692,21379,Cortical layer IV - NeuN+
D5761.(3).|.060.|.NeuN+,Microglia,0.0663470609161102,7692,21379,Cortical layer IV - NeuN+
D5761.(3).|.060.|.NeuN+,Astrocyte,0.0348067579128251,7692,21379,Cortical layer IV - NeuN+
D5761.(3).|.060.|.NeuN+,Polydendrocyte,0.022354570166656,7692,21379,Cortical layer IV - NeuN+
D5761.(3).|.060.|.NeuN+,Macrophage,0.129300919096143,7692,21379,Cortical layer IV - NeuN+
D5761.(3).|.060.|.NeuN+,Endothelial Tip,0.0171901571384943,7692,21379,Cortical layer IV - NeuN+
D5761.(3).|.060.|.NeuN+,Endothelial Stalk,0.016494397657182,7692,21379,Cortical layer IV - NeuN+
D5761.(3).|.060.|.NeuN+,Choroid Plexus,0,7692,21379,Cortical layer IV - NeuN+
D5761.(3).|.060.|.NeuN+,Oligodendrocyte,0,7692,21379,Cortical layer IV - NeuN+
D5761.(3).|.060.|.NeuN+,Ependymal,0.0140192121787874,7692,21379,Cortical layer IV - NeuN+
D5761.(3).|.060.|.NeuN+,Mural,0,7692,21379,Cortical layer IV - NeuN+
D5761.(3).|.070.|.NeuN+,Neuron,0.893725034848729,10636,22526,Cortical layer IV - NeuN+
D5761.(3).|.070.|.NeuN+,Microglia,0.0526886479739509,10636,22526,Cortical layer IV - NeuN+
D5761.(3).|.070.|.NeuN+,Astrocyte,0.0143238336364466,10636,22526,Cortical layer IV - NeuN+
D5761.(3).|.070.|.NeuN+,Polydendrocyte,0,10636,22526,Cortical layer IV - NeuN+
D5761.(3).|.070.|.NeuN+,Macrophage,0.0298364901102935,10636,22526,Cortical layer IV - NeuN+
D5761.(3).|.070.|.NeuN+,Endothelial Tip,0,10636,22526,Cortical layer IV - NeuN+
D5761.(3).|.070.|.NeuN+,Endothelial Stalk,0.00860159993610412,10636,22526,Cortical layer IV - NeuN+
D5761.(3).|.070.|.NeuN+,Choroid Plexus,0,10636,22526,Cortical layer IV - NeuN+
D5761.(3).|.070.|.NeuN+,Oligodendrocyte,0,10636,22526,Cortical layer IV - NeuN+
D5761.(3).|.070.|.NeuN+,Ependymal,0,10636,22526,Cortical layer IV - NeuN+
D5761.(3).|.070.|.NeuN+,Mural,0.000824393494476326,10636,22526,Cortical layer IV - NeuN+
D5761.(3).|.050.|.DNA,Neuron,0.432665031323859,5556,19538,Cortical layer IV - Neuropil
D5761.(3).|.050.|.DNA,Microglia,0.240159084377792,5556,19538,Cortical layer IV - Neuropil
D5761.(3).|.050.|.DNA,Astrocyte,0.24529161820619,5556,19538,Cortical layer IV - Neuropil
D5761.(3).|.050.|.DNA,Polydendrocyte,0,5556,19538,Cortical layer IV - Neuropil
D5761.(3).|.050.|.DNA,Macrophage,0,5556,19538,Cortical layer IV - Neuropil
D5761.(3).|.050.|.DNA,Endothelial Tip,0,5556,19538,Cortical layer IV - Neuropil
D5761.(3).|.050.|.DNA,Endothelial Stalk,0.0446023209119961,5556,19538,Cortical layer IV - Neuropil
D5761.(3).|.050.|.DNA,Choroid Plexus,0.00280678627009883,5556,19538,Cortical layer IV - Neuropil
D5761.(3).|.050.|.DNA,Oligodendrocyte,0.0292894210840032,5556,19538,Cortical layer IV - Neuropil
D5761.(3).|.050.|.DNA,Ependymal,0,5556,19538,Cortical layer IV - Neuropil
D5761.(3).|.050.|.DNA,Mural,0.00518573782606109,5556,19538,Cortical layer IV - Neuropil
D5761.(3).|.060.|.DNA,Neuron,0.428058165349839,7692,21379,Cortical layer IV - Neuropil
D5761.(3).|.060.|.DNA,Microglia,0.0988187412341839,7692,21379,Cortical layer IV - Neuropil
D5761.(3).|.060.|.DNA,Astrocyte,0.298974418821279,7692,21379,Cortical layer IV - Neuropil
D5761.(3).|.060.|.DNA,Polydendrocyte,0,7692,21379,Cortical layer IV - Neuropil
D5761.(3).|.060.|.DNA,Macrophage,0.0339706648077104,7692,21379,Cortical layer IV - Neuropil
D5761.(3).|.060.|.DNA,Endothelial Tip,0,7692,21379,Cortical layer IV - Neuropil
D5761.(3).|.060.|.DNA,Endothelial Stalk,0.119723395542766,7692,21379,Cortical layer IV - Neuropil
D5761.(3).|.060.|.DNA,Choroid Plexus,0,7692,21379,Cortical layer IV - Neuropil
D5761.(3).|.060.|.DNA,Oligodendrocyte,0.00922170182342126,7692,21379,Cortical layer IV - Neuropil
D5761.(3).|.060.|.DNA,Ependymal,0,7692,21379,Cortical layer IV - Neuropil
D5761.(3).|.060.|.DNA,Mural,0.0112329124208007,7692,21379,Cortical layer IV - Neuropil
D5761.(3).|.070.|.DNA,Neuron,0.342201423310155,10636,22526,Cortical layer IV - Neuropil
D5761.(3).|.070.|.DNA,Microglia,0.342090401014637,10636,22526,Cortical layer IV - Neuropil
D5761.(3).|.070.|.DNA,Astrocyte,0.133813475097968,10636,22526,Cortical layer IV - Neuropil
D5761.(3).|.070.|.DNA,Polydendrocyte,0.047492575709862,10636,22526,Cortical layer IV - Neuropil
D5761.(3).|.070.|.DNA,Macrophage,0,10636,22526,Cortical layer IV - Neuropil
D5761.(3).|.070.|.DNA,Endothelial Tip,0,10636,22526,Cortical layer IV - Neuropil
D5761.(3).|.070.|.DNA,Endothelial Stalk,0.0855706664024155,10636,22526,Cortical layer IV - Neuropil
D5761.(3).|.070.|.DNA,Choroid Plexus,0,10636,22526,Cortical layer IV - Neuropil
D5761.(3).|.070.|.DNA,Oligodendrocyte,0.000295685805496601,10636,22526,Cortical layer IV - Neuropil
D5761.(3).|.070.|.DNA,Ependymal,0,10636,22526,Cortical layer IV - Neuropil
D5761.(3).|.070.|.DNA,Mural,0.0485357726594665,10636,22526,Cortical layer IV - Neuropil
D5761.(3).|.046.|.Full.ROI,Neuron,0.503095617345266,6909,20242,Cortical layer V
D5761.(3).|.046.|.Full.ROI,Microglia,0.164759763386603,6909,20242,Cortical layer V
D5761.(3).|.046.|.Full.ROI,Astrocyte,0.107362156715658,6909,20242,Cortical layer V
D5761.(3).|.046.|.Full.ROI,Polydendrocyte,0.0970344767818866,6909,20242,Cortical layer V
D5761.(3).|.046.|.Full.ROI,Macrophage,0.0432165389328902,6909,20242,Cortical layer V
D5761.(3).|.046.|.Full.ROI,Endothelial Tip,0.0178789034238305,6909,20242,Cortical layer V
D5761.(3).|.046.|.Full.ROI,Endothelial Stalk,0.0344171576135013,6909,20242,Cortical layer V
D5761.(3).|.046.|.Full.ROI,Choroid Plexus,0,6909,20242,Cortical layer V
D5761.(3).|.046.|.Full.ROI,Oligodendrocyte,0.0203622344192567,6909,20242,Cortical layer V
D5761.(3).|.046.|.Full.ROI,Ependymal,0.0040725497439726,6909,20242,Cortical layer V
D5761.(3).|.046.|.Full.ROI,Mural,0.00780060163713523,6909,20242,Cortical layer V
D5761.(3).|.056.|.Full.ROI,Neuron,0.571185564496406,9377,21609,Cortical layer V
D5761.(3).|.056.|.Full.ROI,Microglia,0.134325705914638,9377,21609,Cortical layer V
D5761.(3).|.056.|.Full.ROI,Astrocyte,0.0943651764728527,9377,21609,Cortical layer V
D5761.(3).|.056.|.Full.ROI,Polydendrocyte,0.0800724722156834,9377,21609,Cortical layer V
D5761.(3).|.056.|.Full.ROI,Macrophage,0.0588438347626274,9377,21609,Cortical layer V
D5761.(3).|.056.|.Full.ROI,Endothelial Tip,0.00588020300194626,9377,21609,Cortical layer V
D5761.(3).|.056.|.Full.ROI,Endothelial Stalk,0.035338099259906,9377,21609,Cortical layer V
D5761.(3).|.056.|.Full.ROI,Choroid Plexus,0,9377,21609,Cortical layer V
D5761.(3).|.056.|.Full.ROI,Oligodendrocyte,0.0191656556883261,9377,21609,Cortical layer V
D5761.(3).|.056.|.Full.ROI,Ependymal,0.000823288187613673,9377,21609,Cortical layer V
D5761.(3).|.056.|.Full.ROI,Mural,0,9377,21609,Cortical layer V
D5761.(3).|.066.|.Full.ROI,Neuron,0.52714688378891,5068,18013,Cortical layer V
D5761.(3).|.066.|.Full.ROI,Microglia,0.129369860900651,5068,18013,Cortical layer V
D5761.(3).|.066.|.Full.ROI,Astrocyte,0.0953430402951376,5068,18013,Cortical layer V
D5761.(3).|.066.|.Full.ROI,Polydendrocyte,0.0707397165187576,5068,18013,Cortical layer V
D5761.(3).|.066.|.Full.ROI,Macrophage,0.0639662794989166,5068,18013,Cortical layer V
D5761.(3).|.066.|.Full.ROI,Endothelial Tip,0.0486703555755396,5068,18013,Cortical layer V
D5761.(3).|.066.|.Full.ROI,Endothelial Stalk,0.028286770696968,5068,18013,Cortical layer V
D5761.(3).|.066.|.Full.ROI,Choroid Plexus,3.46932173742203e-05,5068,18013,Cortical layer V
D5761.(3).|.066.|.Full.ROI,Oligodendrocyte,0.0102079778689944,5068,18013,Cortical layer V
D5761.(3).|.066.|.Full.ROI,Ependymal,0.00489827271802686,5068,18013,Cortical layer V
D5761.(3).|.066.|.Full.ROI,Mural,0.0213361489207242,5068,18013,Cortical layer V
D5761.(3).|.051.|.NeuN+,Neuron,0.82470065968447,5997,19241,Cortical layer V - NeuN+
D5761.(3).|.051.|.NeuN+,Microglia,0.0732963716465641,5997,19241,Cortical layer V - NeuN+
D5761.(3).|.051.|.NeuN+,Astrocyte,0.0171813230324578,5997,19241,Cortical layer V - NeuN+
D5761.(3).|.051.|.NeuN+,Polydendrocyte,0.0454538550227842,5997,19241,Cortical layer V - NeuN+
D5761.(3).|.051.|.NeuN+,Macrophage,0.0216737848896626,5997,19241,Cortical layer V - NeuN+
D5761.(3).|.051.|.NeuN+,Endothelial Tip,0,5997,19241,Cortical layer V - NeuN+
D5761.(3).|.051.|.NeuN+,Endothelial Stalk,0.00354754232202682,5997,19241,Cortical layer V - NeuN+
D5761.(3).|.051.|.NeuN+,Choroid Plexus,0,5997,19241,Cortical layer V - NeuN+
D5761.(3).|.051.|.NeuN+,Oligodendrocyte,0,5997,19241,Cortical layer V - NeuN+
D5761.(3).|.051.|.NeuN+,Ependymal,0.0129963172552192,5997,19241,Cortical layer V - NeuN+
D5761.(3).|.051.|.NeuN+,Mural,0.00115014614681494,5997,19241,Cortical layer V - NeuN+
D5761.(3).|.061.|.NeuN+,Neuron,0.854477164107193,7995,21047,Cortical layer V - NeuN+
D5761.(3).|.061.|.NeuN+,Microglia,0.0596771358705056,7995,21047,Cortical layer V - NeuN+
D5761.(3).|.061.|.NeuN+,Astrocyte,0.0132530369269302,7995,21047,Cortical layer V - NeuN+
D5761.(3).|.061.|.NeuN+,Polydendrocyte,0.0314485204892767,7995,21047,Cortical layer V - NeuN+
D5761.(3).|.061.|.NeuN+,Macrophage,0.0310902606134711,7995,21047,Cortical layer V - NeuN+
D5761.(3).|.061.|.NeuN+,Endothelial Tip,0.00558835133017736,7995,21047,Cortical layer V - NeuN+
D5761.(3).|.061.|.NeuN+,Endothelial Stalk,0.00285131188705597,7995,21047,Cortical layer V - NeuN+
D5761.(3).|.061.|.NeuN+,Choroid Plexus,0.000597335182345561,7995,21047,Cortical layer V - NeuN+
D5761.(3).|.061.|.NeuN+,Oligodendrocyte,0.000288819496678457,7995,21047,Cortical layer V - NeuN+
D5761.(3).|.061.|.NeuN+,Ependymal,0.000728064096366463,7995,21047,Cortical layer V - NeuN+
D5761.(3).|.061.|.NeuN+,Mural,0,7995,21047,Cortical layer V - NeuN+
D5761.(3).|.071.|.NeuN+,Neuron,0.808332107406772,10734,22083,Cortical layer V - NeuN+
D5761.(3).|.071.|.NeuN+,Microglia,0.0274853899984108,10734,22083,Cortical layer V - NeuN+
D5761.(3).|.071.|.NeuN+,Astrocyte,0.0146509424592383,10734,22083,Cortical layer V - NeuN+
D5761.(3).|.071.|.NeuN+,Polydendrocyte,0.076793432351985,10734,22083,Cortical layer V - NeuN+
D5761.(3).|.071.|.NeuN+,Macrophage,0.0571104063646439,10734,22083,Cortical layer V - NeuN+
D5761.(3).|.071.|.NeuN+,Endothelial Tip,0.00281704881573353,10734,22083,Cortical layer V - NeuN+
D5761.(3).|.071.|.NeuN+,Endothelial Stalk,0.00410489311439222,10734,22083,Cortical layer V - NeuN+
D5761.(3).|.071.|.NeuN+,Choroid Plexus,0,10734,22083,Cortical layer V - NeuN+
D5761.(3).|.071.|.NeuN+,Oligodendrocyte,0.00255677588966316,10734,22083,Cortical layer V - NeuN+
D5761.(3).|.071.|.NeuN+,Ependymal,0.00614900359916073,10734,22083,Cortical layer V - NeuN+
D5761.(3).|.071.|.NeuN+,Mural,0,10734,22083,Cortical layer V - NeuN+
D5761.(3).|.051.|.DNA,Neuron,0.314047591842367,5997,19241,Cortical layer V - Neuropil
D5761.(3).|.051.|.DNA,Microglia,0.208566919761622,5997,19241,Cortical layer V - Neuropil
D5761.(3).|.051.|.DNA,Astrocyte,0.214599497182165,5997,19241,Cortical layer V - Neuropil
D5761.(3).|.051.|.DNA,Polydendrocyte,0.105862683202285,5997,19241,Cortical layer V - Neuropil
D5761.(3).|.051.|.DNA,Macrophage,0.0617808490793149,5997,19241,Cortical layer V - Neuropil
D5761.(3).|.051.|.DNA,Endothelial Tip,0,5997,19241,Cortical layer V - Neuropil
D5761.(3).|.051.|.DNA,Endothelial Stalk,0.0661351169166236,5997,19241,Cortical layer V - Neuropil
D5761.(3).|.051.|.DNA,Choroid Plexus,0.00121387243787157,5997,19241,Cortical layer V - Neuropil
D5761.(3).|.051.|.DNA,Oligodendrocyte,0.0277934695777518,5997,19241,Cortical layer V - Neuropil
D5761.(3).|.051.|.DNA,Ependymal,0,5997,19241,Cortical layer V - Neuropil
D5761.(3).|.051.|.DNA,Mural,0,5997,19241,Cortical layer V - Neuropil
D5761.(3).|.061.|.DNA,Neuron,0.3803056550517,7995,21047,Cortical layer V - Neuropil
D5761.(3).|.061.|.DNA,Microglia,0.208192665836075,7995,21047,Cortical layer V - Neuropil
D5761.(3).|.061.|.DNA,Astrocyte,0.209171578686775,7995,21047,Cortical layer V - Neuropil
D5761.(3).|.061.|.DNA,Polydendrocyte,0.00572488660843102,7995,21047,Cortical layer V - Neuropil
D5761.(3).|.061.|.DNA,Macrophage,0.0878917947313498,7995,21047,Cortical layer V - Neuropil
D5761.(3).|.061.|.DNA,Endothelial Tip,0,7995,21047,Cortical layer V - Neuropil
D5761.(3).|.061.|.DNA,Endothelial Stalk,0.0770405194778212,7995,21047,Cortical layer V - Neuropil
D5761.(3).|.061.|.DNA,Choroid Plexus,0.000367405764939241,7995,21047,Cortical layer V - Neuropil
D5761.(3).|.061.|.DNA,Oligodendrocyte,0.0305532575171177,7995,21047,Cortical layer V - Neuropil
D5761.(3).|.061.|.DNA,Ependymal,0,7995,21047,Cortical layer V - Neuropil
D5761.(3).|.061.|.DNA,Mural,0.000752236325791598,7995,21047,Cortical layer V - Neuropil
D5761.(3).|.071.|.DNA,Neuron,0.377378392768961,10734,22083,Cortical layer V - Neuropil
D5761.(3).|.071.|.DNA,Microglia,0.235053254142218,10734,22083,Cortical layer V - Neuropil
D5761.(3).|.071.|.DNA,Astrocyte,0.167978364493259,10734,22083,Cortical layer V - Neuropil
D5761.(3).|.071.|.DNA,Polydendrocyte,0.0595142038816721,10734,22083,Cortical layer V - Neuropil
D5761.(3).|.071.|.DNA,Macrophage,0.0758137595066841,10734,22083,Cortical layer V - Neuropil
D5761.(3).|.071.|.DNA,Endothelial Tip,0.0151876302349548,10734,22083,Cortical layer V - Neuropil
D5761.(3).|.071.|.DNA,Endothelial Stalk,0.0466252117777234,10734,22083,Cortical layer V - Neuropil
D5761.(3).|.071.|.DNA,Choroid Plexus,0,10734,22083,Cortical layer V - Neuropil
D5761.(3).|.071.|.DNA,Oligodendrocyte,0.0224491831945276,10734,22083,Cortical layer V - Neuropil
D5761.(3).|.071.|.DNA,Ependymal,0,10734,22083,Cortical layer V - Neuropil
D5761.(3).|.071.|.DNA,Mural,0,10734,22083,Cortical layer V - Neuropil
D5761.(3).|.047.|.Full.ROI,Neuron,0.538871313592276,7451,19774,Cortical layer VI
D5761.(3).|.047.|.Full.ROI,Microglia,0.122950118667139,7451,19774,Cortical layer VI
D5761.(3).|.047.|.Full.ROI,Astrocyte,0.0574390479880794,7451,19774,Cortical layer VI
D5761.(3).|.047.|.Full.ROI,Polydendrocyte,0.114862566067194,7451,19774,Cortical layer VI
D5761.(3).|.047.|.Full.ROI,Macrophage,0.0586081677713181,7451,19774,Cortical layer VI
D5761.(3).|.047.|.Full.ROI,Endothelial Tip,0.0541448322510097,7451,19774,Cortical layer VI
D5761.(3).|.047.|.Full.ROI,Endothelial Stalk,0.0227956960950526,7451,19774,Cortical layer VI
D5761.(3).|.047.|.Full.ROI,Choroid Plexus,0,7451,19774,Cortical layer VI
D5761.(3).|.047.|.Full.ROI,Oligodendrocyte,0.019472967264093,7451,19774,Cortical layer VI
D5761.(3).|.047.|.Full.ROI,Ependymal,0.0055576900328187,7451,19774,Cortical layer VI
D5761.(3).|.047.|.Full.ROI,Mural,0.00529760027101921,7451,19774,Cortical layer VI
D5761.(3).|.057.|.Full.ROI,Neuron,0.53481462911511,9640,21043,Cortical layer VI
D5761.(3).|.057.|.Full.ROI,Microglia,0.147772152705149,9640,21043,Cortical layer VI
D5761.(3).|.057.|.Full.ROI,Astrocyte,0.062140360425909,9640,21043,Cortical layer VI
D5761.(3).|.057.|.Full.ROI,Polydendrocyte,0.113735858424764,9640,21043,Cortical layer VI
D5761.(3).|.057.|.Full.ROI,Macrophage,0.0526077163700381,9640,21043,Cortical layer VI
D5761.(3).|.057.|.Full.ROI,Endothelial Tip,0.016175838072014,9640,21043,Cortical layer VI
D5761.(3).|.057.|.Full.ROI,Endothelial Stalk,0.0325028574744439,9640,21043,Cortical layer VI
D5761.(3).|.057.|.Full.ROI,Choroid Plexus,0,9640,21043,Cortical layer VI
D5761.(3).|.057.|.Full.ROI,Oligodendrocyte,0.0320488277795374,9640,21043,Cortical layer VI
D5761.(3).|.057.|.Full.ROI,Ependymal,0.00248264183298789,9640,21043,Cortical layer VI
D5761.(3).|.057.|.Full.ROI,Mural,0.00571911780004673,9640,21043,Cortical layer VI
D5761.(3).|.067.|.Full.ROI,Neuron,0.576380477427282,5789,17625,Cortical layer VI
D5761.(3).|.067.|.Full.ROI,Microglia,0.128038528550885,5789,17625,Cortical layer VI
D5761.(3).|.067.|.Full.ROI,Astrocyte,0.0560621973882223,5789,17625,Cortical layer VI
D5761.(3).|.067.|.Full.ROI,Polydendrocyte,0.129892788630744,5789,17625,Cortical layer VI
D5761.(3).|.067.|.Full.ROI,Macrophage,0.0553222933220255,5789,17625,Cortical layer VI
D5761.(3).|.067.|.Full.ROI,Endothelial Tip,0.0091975058858446,5789,17625,Cortical layer VI
D5761.(3).|.067.|.Full.ROI,Endothelial Stalk,0.0199335400513874,5789,17625,Cortical layer VI
D5761.(3).|.067.|.Full.ROI,Choroid Plexus,0,5789,17625,Cortical layer VI
D5761.(3).|.067.|.Full.ROI,Oligodendrocyte,0.0195455271150963,5789,17625,Cortical layer VI
D5761.(3).|.067.|.Full.ROI,Ependymal,0.00562714162851273,5789,17625,Cortical layer VI
D5761.(3).|.067.|.Full.ROI,Mural,0,5789,17625,Cortical layer VI
D5761.(3).|.052.|.NeuN+,Neuron,0.72246539839644,6557,18797,Cortical layer VI - NeuN+
D5761.(3).|.052.|.NeuN+,Microglia,0.0429560586960924,6557,18797,Cortical layer VI - NeuN+
D5761.(3).|.052.|.NeuN+,Astrocyte,0.0141083866232278,6557,18797,Cortical layer VI - NeuN+
D5761.(3).|.052.|.NeuN+,Polydendrocyte,0.109222697907417,6557,18797,Cortical layer VI - NeuN+
D5761.(3).|.052.|.NeuN+,Macrophage,0.0445618675105547,6557,18797,Cortical layer VI - NeuN+
D5761.(3).|.052.|.NeuN+,Endothelial Tip,0.0279652623326452,6557,18797,Cortical layer VI - NeuN+
D5761.(3).|.052.|.NeuN+,Endothelial Stalk,0.0128276430315637,6557,18797,Cortical layer VI - NeuN+
D5761.(3).|.052.|.NeuN+,Choroid Plexus,0,6557,18797,Cortical layer VI - NeuN+
D5761.(3).|.052.|.NeuN+,Oligodendrocyte,0.00609682284485152,6557,18797,Cortical layer VI - NeuN+
D5761.(3).|.052.|.NeuN+,Ependymal,0.0151021395446293,6557,18797,Cortical layer VI - NeuN+
D5761.(3).|.052.|.NeuN+,Mural,0.004693723112578,6557,18797,Cortical layer VI - NeuN+
D5761.(3).|.062.|.NeuN+,Neuron,0.741770477538086,8423,20530,Cortical layer VI - NeuN+
D5761.(3).|.062.|.NeuN+,Microglia,0.0510781716265306,8423,20530,Cortical layer VI - NeuN+
D5761.(3).|.062.|.NeuN+,Astrocyte,0.0150312359751881,8423,20530,Cortical layer VI - NeuN+
D5761.(3).|.062.|.NeuN+,Polydendrocyte,0.0660813578824659,8423,20530,Cortical layer VI - NeuN+
D5761.(3).|.062.|.NeuN+,Macrophage,0.0555452030948441,8423,20530,Cortical layer VI - NeuN+
D5761.(3).|.062.|.NeuN+,Endothelial Tip,0.0347740167617927,8423,20530,Cortical layer VI - NeuN+
D5761.(3).|.062.|.NeuN+,Endothelial Stalk,0.00968167073789789,8423,20530,Cortical layer VI - NeuN+
D5761.(3).|.062.|.NeuN+,Choroid Plexus,0,8423,20530,Cortical layer VI - NeuN+
D5761.(3).|.062.|.NeuN+,Oligodendrocyte,0.00341943863564157,8423,20530,Cortical layer VI - NeuN+
D5761.(3).|.062.|.NeuN+,Ependymal,0.0226184277475533,8423,20530,Cortical layer VI - NeuN+
D5761.(3).|.062.|.NeuN+,Mural,0,8423,20530,Cortical layer VI - NeuN+
D5761.(3).|.072.|.NeuN+,Neuron,0.619375232284548,10907,21517,Cortical layer VI - NeuN+
D5761.(3).|.072.|.NeuN+,Microglia,0.0953067169189639,10907,21517,Cortical layer VI - NeuN+
D5761.(3).|.072.|.NeuN+,Astrocyte,0.0159742196922455,10907,21517,Cortical layer VI - NeuN+
D5761.(3).|.072.|.NeuN+,Polydendrocyte,0.065279449185061,10907,21517,Cortical layer VI - NeuN+
D5761.(3).|.072.|.NeuN+,Macrophage,0.0621842182797393,10907,21517,Cortical layer VI - NeuN+
D5761.(3).|.072.|.NeuN+,Endothelial Tip,0.0888314101723065,10907,21517,Cortical layer VI - NeuN+
D5761.(3).|.072.|.NeuN+,Endothelial Stalk,0.0161941395084101,10907,21517,Cortical layer VI - NeuN+
D5761.(3).|.072.|.NeuN+,Choroid Plexus,0,10907,21517,Cortical layer VI - NeuN+
D5761.(3).|.072.|.NeuN+,Oligodendrocyte,0,10907,21517,Cortical layer VI - NeuN+
D5761.(3).|.072.|.NeuN+,Ependymal,0.0252930360148892,10907,21517,Cortical layer VI - NeuN+
D5761.(3).|.072.|.NeuN+,Mural,0.0115615779438361,10907,21517,Cortical layer VI - NeuN+
D5761.(3).|.052.|.DNA,Neuron,0.358749493749365,6557,18797,Cortical layer VI - Neuropil
D5761.(3).|.052.|.DNA,Microglia,0.156120870941839,6557,18797,Cortical layer VI - Neuropil
D5761.(3).|.052.|.DNA,Astrocyte,0.152037333093072,6557,18797,Cortical layer VI - Neuropil
D5761.(3).|.052.|.DNA,Polydendrocyte,0.12484075212712,6557,18797,Cortical layer VI - Neuropil
D5761.(3).|.052.|.DNA,Macrophage,0.100252667432475,6557,18797,Cortical layer VI - Neuropil
D5761.(3).|.052.|.DNA,Endothelial Tip,0.00252603650257328,6557,18797,Cortical layer VI - Neuropil
D5761.(3).|.052.|.DNA,Endothelial Stalk,0.0491245980908152,6557,18797,Cortical layer VI - Neuropil
D5761.(3).|.052.|.DNA,Choroid Plexus,0,6557,18797,Cortical layer VI - Neuropil
D5761.(3).|.052.|.DNA,Oligodendrocyte,0.0563482480627403,6557,18797,Cortical layer VI - Neuropil
D5761.(3).|.052.|.DNA,Ependymal,0,6557,18797,Cortical layer VI - Neuropil
D5761.(3).|.052.|.DNA,Mural,0,6557,18797,Cortical layer VI - Neuropil
D5761.(3).|.062.|.DNA,Neuron,0.362121160997142,8423,20530,Cortical layer VI - Neuropil
D5761.(3).|.062.|.DNA,Microglia,0.126555181529377,8423,20530,Cortical layer VI - Neuropil
D5761.(3).|.062.|.DNA,Astrocyte,0.149796078534355,8423,20530,Cortical layer VI - Neuropil
D5761.(3).|.062.|.DNA,Polydendrocyte,0.221880325356854,8423,20530,Cortical layer VI - Neuropil
D5761.(3).|.062.|.DNA,Macrophage,0,8423,20530,Cortical layer VI - Neuropil
D5761.(3).|.062.|.DNA,Endothelial Tip,0,8423,20530,Cortical layer VI - Neuropil
D5761.(3).|.062.|.DNA,Endothelial Stalk,0.0654745662173041,8423,20530,Cortical layer VI - Neuropil
D5761.(3).|.062.|.DNA,Choroid Plexus,0.000805441503376561,8423,20530,Cortical layer VI - Neuropil
D5761.(3).|.062.|.DNA,Oligodendrocyte,0.0733672458615916,8423,20530,Cortical layer VI - Neuropil
D5761.(3).|.062.|.DNA,Ependymal,0,8423,20530,Cortical layer VI - Neuropil
D5761.(3).|.062.|.DNA,Mural,0,8423,20530,Cortical layer VI - Neuropil
D5761.(3).|.072.|.DNA,Neuron,0.313762626576662,10907,21517,Cortical layer VI - Neuropil
D5761.(3).|.072.|.DNA,Microglia,0.186422769222699,10907,21517,Cortical layer VI - Neuropil
D5761.(3).|.072.|.DNA,Astrocyte,0.126474182078092,10907,21517,Cortical layer VI - Neuropil
D5761.(3).|.072.|.DNA,Polydendrocyte,0.0781203474693632,10907,21517,Cortical layer VI - Neuropil
D5761.(3).|.072.|.DNA,Macrophage,0.0522729830388698,10907,21517,Cortical layer VI - Neuropil
D5761.(3).|.072.|.DNA,Endothelial Tip,0.103628421957233,10907,21517,Cortical layer VI - Neuropil
D5761.(3).|.072.|.DNA,Endothelial Stalk,0.0472122268631247,10907,21517,Cortical layer VI - Neuropil
D5761.(3).|.072.|.DNA,Choroid Plexus,0,10907,21517,Cortical layer VI - Neuropil
D5761.(3).|.072.|.DNA,Oligodendrocyte,0.0792536607593338,10907,21517,Cortical layer VI - Neuropil
D5761.(3).|.072.|.DNA,Ependymal,0.000515840158768172,10907,21517,Cortical layer VI - Neuropil
D5761.(3).|.072.|.DNA,Mural,0.0123369418758537,10907,21517,Cortical layer VI - Neuropil
